Date Time Hour Beginning,Wind,PV,CSP,Other RE
2026-02-01 00:00:00,1375.799,0,33.298999999999999,42.180999999999997
2026-02-01 01:00:00,1331.329,0,33.738,42.825000000000003
2026-02-01 02:00:00,1361.155,0,33.613999999999997,41.982999999999997
2026-02-01 03:00:00,1344.7919999999999,0,33.610999999999997,43.189999999999998
2026-02-01 04:00:00,1216.0599999999999,0,33.582999999999998,43.468000000000004
2026-02-01 05:00:00,1204.2840000000001,0.30499999999999999,12.368,42.865000000000002
2026-02-01 06:00:00,1191.9639999999999,183.898,92.218999999999994,43.073
2026-02-01 07:00:00,842.822,1121.4480000000001,161.34,42.091000000000001
2026-02-01 08:00:00,583.13,1857.6890000000001,361.78199999999998,42.298999999999999
2026-02-01 09:00:00,500.18599999999998,2160.1900000000001,421.99200000000002,42.628
2026-02-01 10:00:00,502.22500000000002,1988.414,411.57900000000001,44.049999999999997
2026-02-01 11:00:00,746.55600000000004,1530.6849999999999,407.15300000000002,43.162999999999997
2026-02-01 12:00:00,1178.8340000000001,1503.1379999999999,427.61399999999998,43.375
2026-02-01 13:00:00,1561.895,1423.374,436.779,43.25
2026-02-01 14:00:00,1742.605,1365.9939999999999,431.32299999999998,42.387
2026-02-01 15:00:00,1877.1510000000001,1257.288,434.11700000000002,43.941000000000003
2026-02-01 16:00:00,2217.127,1086.4449999999999,418.84399999999999,43.326999999999998
2026-02-01 17:00:00,2566.4589999999998,1002.8049999999999,427.87900000000002,43.052999999999997
2026-02-01 18:00:00,2407.482,580.85699999999997,407.50599999999997,42.948
2026-02-01 19:00:00,2122.9670000000001,31.786999999999999,365.49700000000001,41.813000000000002
2026-02-01 20:00:00,1887.192,0,357.82799999999997,41.93
2026-02-01 21:00:00,1587.5699999999999,0,336.90600000000001,41.57
2026-02-01 22:00:00,1382.367,0,94.450000000000003,42.377000000000002
2026-02-01 23:00:00,1228.9549999999999,0,66.888999999999996,41.381
2026-02-02 00:00:00,915.49099999999999,0,32.814,41.445999999999998
2026-02-02 01:00:00,662.81700000000001,0,32.875999999999998,41.399000000000001
2026-02-02 02:00:00,529.44500000000005,0,32.923000000000002,41.189999999999998
2026-02-02 03:00:00,461.13299999999998,0,33.109999999999999,41.027000000000001
2026-02-02 04:00:00,501.125,0,34.005000000000003,41.439
2026-02-02 05:00:00,456.97300000000001,0.26800000000000002,71.081999999999994,41.154000000000003
2026-02-02 06:00:00,419.45699999999999,196.31,122.67,40.097000000000001
2026-02-02 07:00:00,381.678,1184.5329999999999,233.33799999999999,40.805
2026-02-02 08:00:00,409.76499999999999,1853.037,377.88600000000002,40.664000000000001
2026-02-02 09:00:00,507.024,2147.7269999999999,453.90800000000002,41.002000000000002
2026-02-02 10:00:00,552.27700000000004,2310.4920000000002,453.73899999999998,41.384
2026-02-02 11:00:00,642.39400000000001,2403.9160000000002,453.11099999999999,41.444000000000003
2026-02-02 12:00:00,829.63199999999995,2436.7109999999998,468.27800000000002,40.764000000000003
2026-02-02 13:00:00,1110.579,2389.2289999999998,520.72799999999995,40.877000000000002
2026-02-02 14:00:00,1389.096,2202.6590000000001,512.98000000000002,40.987000000000002
2026-02-02 15:00:00,1623.8430000000001,2068.7930000000001,518.61800000000005,40.667000000000002
2026-02-02 16:00:00,2096.2109999999998,1785.194,544.80200000000002,40.920000000000002
2026-02-02 17:00:00,2414.654,1385.922,541.64200000000005,41.530000000000001
2026-02-02 18:00:00,2338.9279999999999,584.71100000000001,519.15099999999995,41.268999999999998
2026-02-02 19:00:00,2128.9549999999999,27.690000000000001,471.19200000000001,41.258000000000003
2026-02-02 20:00:00,1892.229,0,466.72699999999998,41.296999999999997
2026-02-02 21:00:00,1741.491,0,445.67000000000002,41.484999999999999
2026-02-02 22:00:00,1497.193,0,122.67100000000001,40.941000000000003
2026-02-02 23:00:00,1298.146,0,73.417000000000002,41.643000000000001
2026-02-03 00:00:00,998.82899999999995,0,34.136000000000003,41.095999999999997
2026-02-03 01:00:00,951.80399999999997,0,34.360999999999997,40.622
2026-02-03 02:00:00,857.79200000000003,0,34.542000000000002,41.158999999999999
2026-02-03 03:00:00,709.447,0,34.622,40.987000000000002
2026-02-03 04:00:00,553.31100000000004,0,68.165999999999997,41.337000000000003
2026-02-03 05:00:00,560.30499999999995,0.316,199.23099999999999,41.197000000000003
2026-02-03 06:00:00,604.81399999999996,203.887,305.18700000000001,41.198
2026-02-03 07:00:00,666.86800000000005,1174.932,361.18099999999998,41.317999999999998
2026-02-03 08:00:00,525.78200000000004,1867.4110000000001,473.94,40.771000000000001
2026-02-03 09:00:00,504.53699999999998,2160.5659999999998,553.96500000000003,41.210000000000001
2026-02-03 10:00:00,582.15800000000002,2315.788,554.39999999999998,41.454999999999998
2026-02-03 11:00:00,552.65599999999995,2373.8200000000002,551.86300000000006,39.534999999999997
2026-02-03 12:00:00,428.50599999999997,2354.1640000000002,549.09500000000003,40.052999999999997
2026-02-03 13:00:00,544.84299999999996,2297.9459999999999,536.14400000000001,40.392000000000003
2026-02-03 14:00:00,665.37800000000004,2104.3850000000002,540.99900000000002,40.343000000000004
2026-02-03 15:00:00,922.34000000000003,1837.96,544.66300000000001,41.258000000000003
2026-02-03 16:00:00,1398.4570000000001,1524.452,544.78399999999999,40.719999999999999
2026-02-03 17:00:00,1812.5419999999999,1050.5350000000001,528.15300000000002,41.125999999999998
2026-02-03 18:00:00,2115.6010000000001,357.72899999999998,494.52699999999999,40.968000000000004
2026-02-03 19:00:00,1899.175,11.526,470.42500000000001,41.274000000000001
2026-02-03 20:00:00,1496.6590000000001,0,466.91800000000001,40.625
2026-02-03 21:00:00,1393.0070000000001,0,444.21100000000001,40.658000000000001
2026-02-03 22:00:00,1291.126,0,119.807,39.630000000000003
2026-02-03 23:00:00,1185.232,0,75.582999999999998,39.406999999999996
2026-02-04 00:00:00,1192.8430000000001,0,38.722999999999999,39.756999999999998
2026-02-04 01:00:00,1147.644,0,38.990000000000002,39.106999999999999
2026-02-04 02:00:00,1009.101,0,38.847000000000001,39.963999999999999
2026-02-04 03:00:00,755.50699999999995,0,38.737000000000002,40.009999999999998
2026-02-04 04:00:00,705.86400000000003,0,38.174999999999997,40.652999999999999
2026-02-04 05:00:00,681.67399999999998,0.17499999999999999,26.007000000000001,40.491
2026-02-04 06:00:00,805.69799999999998,155.42500000000001,149.95500000000001,40.521999999999998
2026-02-04 07:00:00,824.82100000000003,942.46500000000003,164.858,41.158000000000001
2026-02-04 08:00:00,850.375,1522.8099999999999,229.08199999999999,39.317
2026-02-04 09:00:00,734.46900000000005,1829.846,281.70800000000003,39.000999999999998
2026-02-04 10:00:00,630.74900000000002,2006.7249999999999,382.255,39.484000000000002
2026-02-04 11:00:00,589.29399999999998,2148.7420000000002,381.43000000000001,38.918999999999997
2026-02-04 12:00:00,630.89599999999996,2148.6799999999998,385.18200000000002,39.817
2026-02-04 13:00:00,949.37300000000005,1950.848,361.61200000000002,39.817
2026-02-04 14:00:00,1174.721,1607.6859999999999,312.40199999999999,39.209000000000003
2026-02-04 15:00:00,1368.5899999999999,1284.8620000000001,238.196,39.436999999999998
2026-02-04 16:00:00,1609.2909999999999,1047.7860000000001,228.744,38.545999999999999
2026-02-04 17:00:00,1810.4949999999999,536.96199999999999,409.09399999999999,39.731999999999999
2026-02-04 18:00:00,1489.54,127.55800000000001,411.68200000000002,39.320999999999998
2026-02-04 19:00:00,1225.2729999999999,5.5069999999999997,401.85599999999999,40.040999999999997
2026-02-04 20:00:00,1349.556,0,345.71800000000002,39.767000000000003
2026-02-04 21:00:00,1072.444,0,274.26299999999998,39.267000000000003
2026-02-04 22:00:00,980.92700000000002,0,53.317999999999998,38.965000000000003
2026-02-04 23:00:00,937.99300000000005,0,38.130000000000003,39.036000000000001
2026-02-05 00:00:00,1293.3430000000001,0,38.292000000000002,39.912999999999997
2026-02-05 01:00:00,1290.347,0,38.402000000000001,39.289999999999999
2026-02-05 02:00:00,1072.8209999999999,0,14.196999999999999,39.412999999999997
2026-02-05 03:00:00,1045.327,0,0,39.709000000000003
2026-02-05 04:00:00,1036.442,0,0,38.965000000000003
2026-02-05 05:00:00,1293.1659999999999,0.14599999999999999,0,40.744
2026-02-05 06:00:00,1264.115,91.513999999999996,0,40.186999999999998
2026-02-05 07:00:00,1092.953,541.21100000000001,0.88700000000000001,40.133000000000003
2026-02-05 08:00:00,1094.317,1144.114,56.180999999999997,39.975999999999999
2026-02-05 09:00:00,1129.1199999999999,1611.3099999999999,59.472999999999999,39.564999999999998
2026-02-05 10:00:00,1313.251,1829.694,83.373999999999995,38.305999999999997
2026-02-05 11:00:00,1690.4549999999999,1872.038,162.654,39.418999999999997
2026-02-05 12:00:00,1726.2739999999999,1909.9179999999999,234.30000000000001,38.356000000000002
2026-02-05 13:00:00,1633.5229999999999,2024.4780000000001,137.26599999999999,38.875999999999998
2026-02-05 14:00:00,1993.0830000000001,1922.1569999999999,94.147000000000006,39.402999999999999
2026-02-05 15:00:00,2018.973,1657.595,85.289000000000001,39.073
2026-02-05 16:00:00,1946.097,1263.0419999999999,131.535,39.972999999999999
2026-02-05 17:00:00,2102.6370000000002,869.76900000000001,221.06800000000001,40.140999999999998
2026-02-05 18:00:00,1826.9639999999999,288.971,278.00599999999997,38.841999999999999
2026-02-05 19:00:00,1703.828,18.640999999999998,211.91300000000001,39.991
2026-02-05 20:00:00,1321.117,0,100.877,40.310000000000002
2026-02-05 21:00:00,1332.4200000000001,0,96.400999999999996,39.744
2026-02-05 22:00:00,1329.155,0,8.1899999999999995,40.332000000000001
2026-02-05 23:00:00,1174.2560000000001,0,0,40.326000000000001
2026-02-06 00:00:00,1142.049,0,0,40.594999999999999
2026-02-06 01:00:00,980.27499999999998,0,0,40.719999999999999
2026-02-06 02:00:00,826.221,0,0,39.963000000000001
2026-02-06 03:00:00,819.07299999999998,0,0,39.765000000000001
2026-02-06 04:00:00,723.55399999999997,0,0,40.009999999999998
2026-02-06 05:00:00,600.95399999999995,0.14399999999999999,0,37.634999999999998
2026-02-06 06:00:00,606.75800000000004,104.319,0,38.627000000000002
2026-02-06 07:00:00,448.86599999999999,732.91899999999998,0,39.270000000000003
2026-02-06 08:00:00,371.553,1167.8779999999999,22.863,39.396999999999998
2026-02-06 09:00:00,363.94099999999997,1523.884,46.819000000000003,39.295999999999999
2026-02-06 10:00:00,410.90100000000001,1770.6690000000001,46.039000000000001,39.701000000000001
2026-02-06 11:00:00,501.86000000000001,1824.241,58.042000000000002,39.695999999999998
2026-02-06 12:00:00,713.28300000000002,1816.7919999999999,83.116,40.531999999999996
2026-02-06 13:00:00,851.92200000000003,1687.3879999999999,83.650000000000006,39.314999999999998
2026-02-06 14:00:00,1076.373,1616.1610000000001,62.603999999999999,39.863999999999997
2026-02-06 15:00:00,1341.2059999999999,1367.249,22.271999999999998,39.783000000000001
2026-02-06 16:00:00,1702.7840000000001,1097.6389999999999,12.124000000000001,39.243000000000002
2026-02-06 17:00:00,1869.0150000000001,684.74300000000005,164.29599999999999,39.774999999999999
2026-02-06 18:00:00,1825.28,183.721,188.01300000000001,41.479999999999997
2026-02-06 19:00:00,1657.316,13.771000000000001,187.62799999999999,42.167999999999999
2026-02-06 20:00:00,1345.2270000000001,0,112.39700000000001,42.716999999999999
2026-02-06 21:00:00,969.79600000000005,0,31.129999999999999,41.142000000000003
2026-02-06 22:00:00,736.14300000000003,0,0,42.252000000000002
2026-02-06 23:00:00,648.65999999999997,0,0,42.591999999999999
2026-02-07 00:00:00,610.00199999999995,0,0,41.582000000000001
2026-02-07 01:00:00,488.85300000000001,0,0,41.767000000000003
2026-02-07 02:00:00,422.35899999999998,0,0,41.831000000000003
2026-02-07 03:00:00,619.54899999999998,0,0,41.201000000000001
2026-02-07 04:00:00,639.65499999999997,0,0,41.485999999999997
2026-02-07 05:00:00,581.24400000000003,0.113,0,42.322000000000003
2026-02-07 06:00:00,579.56500000000005,117.11,0,40.956000000000003
2026-02-07 07:00:00,571.53899999999999,857.03999999999996,5.0000000000000003E-2,41.459000000000003
2026-02-07 08:00:00,588.24599999999998,1311.7190000000001,52.933999999999997,35.531999999999996
2026-02-07 09:00:00,668.11000000000001,1519.232,201.55000000000001,35.710000000000001
2026-02-07 10:00:00,677.47500000000002,1816.8589999999999,294.58499999999998,36.533999999999999
2026-02-07 11:00:00,906.19200000000001,2043.4480000000001,311.57400000000001,35.131
2026-02-07 12:00:00,1168.482,2060.2350000000001,328.01900000000001,37.387
2026-02-07 13:00:00,1426.1679999999999,1942.528,332.98000000000002,41.171999999999997
2026-02-07 14:00:00,1535.5340000000001,1859.6400000000001,325.38,41.817
2026-02-07 15:00:00,1725.7809999999999,1621.2059999999999,303.92000000000002,40.351999999999997
2026-02-07 16:00:00,1593.171,1249.7439999999999,296.404,41.756
2026-02-07 17:00:00,1758.2170000000001,912.47500000000002,264.976,42.677999999999997
2026-02-07 18:00:00,2008.413,350.12099999999998,244.81999999999999,41.542000000000002
2026-02-07 19:00:00,1766.8679999999999,17.760000000000002,243.803,37.158999999999999
2026-02-07 20:00:00,1679.5409999999999,0,240.63300000000001,37.518000000000001
2026-02-07 21:00:00,1407.4179999999999,0,193.97200000000001,41.155999999999999
2026-02-07 22:00:00,1030.191,0,10.444000000000001,42.231000000000002
2026-02-07 23:00:00,1065.9670000000001,0,0,41.877000000000002
2026-02-08 00:00:00,1010.054,0,0,42.075000000000003
2026-02-08 01:00:00,997.66600000000005,0,0,41.268999999999998
2026-02-08 02:00:00,1038.8140000000001,0,0,37.762
2026-02-08 03:00:00,864.82600000000002,0,0,34.860999999999997
2026-02-08 04:00:00,934.87800000000004,0,0,34.581000000000003
2026-02-08 05:00:00,1071.172,9.2999999999999999E-2,0,33.728999999999999
2026-02-08 06:00:00,1102.7360000000001,98.099999999999994,0,33.457000000000001
2026-02-08 07:00:00,1042.3679999999999,668.06299999999999,0.016,34.328000000000003
2026-02-08 08:00:00,1204.586,1093.3589999999999,32.637,34.201999999999998
2026-02-08 09:00:00,1195.952,1479.4090000000001,107.595,34.158999999999999
2026-02-08 10:00:00,1548.2909999999999,1573.2529999999999,179.096,34.835000000000001
2026-02-08 11:00:00,1525.028,1648.165,214.36600000000001,34.374000000000002
2026-02-08 12:00:00,1484.452,1663.0809999999999,204.28700000000001,33.932000000000002
2026-02-08 13:00:00,1584.221,1602.626,215.053,33.744
2026-02-08 14:00:00,1701.0170000000001,1454.4300000000001,241.37799999999999,34.084000000000003
2026-02-08 15:00:00,1674.9929999999999,1450.8440000000001,229.577,33.863999999999997
2026-02-08 16:00:00,1782.585,1172.527,205.41,34.012
2026-02-08 17:00:00,1768.1420000000001,807.79899999999998,249.36099999999999,34.031999999999996
2026-02-08 18:00:00,1836.712,251.304,315.62200000000001,33.707000000000001
2026-02-08 19:00:00,2252.5369999999998,12.651999999999999,159.86000000000001,33.883000000000003
2026-02-08 20:00:00,2457.6570000000002,0,129.83000000000001,33.953000000000003
2026-02-08 21:00:00,2390.518,0,121.664,34.030000000000001
2026-02-08 22:00:00,2239.8330000000001,0,58.904000000000003,34.628999999999998
2026-02-08 23:00:00,2145.375,0,27.602,34.722999999999999
2026-02-09 00:00:00,2012.97,0,0,33.933
2026-02-09 01:00:00,1894.635,0,0,34.970999999999997
2026-02-09 02:00:00,1601.635,0,0,34.677
2026-02-09 03:00:00,1596.7159999999999,0,0,34.314
2026-02-09 04:00:00,1760.0309999999999,0,8.7449999999999992,34.726999999999997
2026-02-09 05:00:00,1832.7929999999999,4.1000000000000002E-2,61.843000000000004,34.552
2026-02-09 06:00:00,1454.5909999999999,70.200999999999993,65.954999999999998,33.765999999999998
2026-02-09 07:00:00,1229.924,538.87,57.399000000000001,33.970999999999997
2026-02-09 08:00:00,1208.567,1149.123,108.935,34.042000000000002
2026-02-09 09:00:00,1213.2719999999999,1382.797,173.05699999999999,33.271999999999998
2026-02-09 10:00:00,1430.829,1722.008,206.28999999999999,33.710999999999999
2026-02-09 11:00:00,1291.028,1772.829,270.43000000000001,14.019
2026-02-09 12:00:00,1285.0619999999999,1873.451,301.721,8.3599999999999994
2026-02-09 13:00:00,1421.2349999999999,1924.1479999999999,301.94799999999998,8.3469999999999995
2026-02-09 14:00:00,1137.5709999999999,1627.5150000000001,258.66500000000002,7.8230000000000004
2026-02-09 15:00:00,1406.5650000000001,1465.579,223.68299999999999,8.173
2026-02-09 16:00:00,1897.4749999999999,1090.5730000000001,209.29599999999999,8.0559999999999992
2026-02-09 17:00:00,1876.434,864.40200000000004,241.334,9.5050000000000008
2026-02-09 18:00:00,1842.0329999999999,423.214,272.74700000000001,14.289
2026-02-09 19:00:00,2082.3679999999999,16.852,217.994,24.306000000000001
2026-02-09 20:00:00,2067.9560000000001,0,134.55199999999999,35.539000000000001
2026-02-09 21:00:00,1910.923,0,124.465,38.197000000000003
2026-02-09 22:00:00,1759.893,0,60.600000000000001,37.640000000000001
2026-02-09 23:00:00,1738.386,0,44.115000000000002,37.493000000000002
2026-02-10 00:00:00,1478.008,0,0,38.283999999999999
2026-02-10 01:00:00,1285.2940000000001,0,0,37.045000000000002
2026-02-10 02:00:00,1530.0319999999999,0,0,37.219999999999999
2026-02-10 03:00:00,1627.076,0,0,37.433999999999997
2026-02-10 04:00:00,1621.951,0,8.2070000000000007,38.076000000000001
2026-02-10 05:00:00,1588.3330000000001,1.7000000000000001E-2,58.097000000000001,37.563000000000002
2026-02-10 06:00:00,1174.0989999999999,51.371000000000002,61.213999999999999,37.430999999999997
2026-02-10 07:00:00,764.44799999999998,579.00999999999999,60.878,37.238
2026-02-10 08:00:00,912.53800000000001,1302.5699999999999,189.988,37.200000000000003
2026-02-10 09:00:00,710.22699999999998,1516.261,345.19,36.423999999999999
2026-02-10 10:00:00,682.024,1770.7750000000001,346.56099999999998,36.633000000000003
2026-02-10 11:00:00,719.21299999999997,1802.4690000000001,345.01499999999999,37.100999999999999
2026-02-10 12:00:00,949.15499999999997,1854.0070000000001,347.512,36.378999999999998
2026-02-10 13:00:00,1114.3510000000001,1966.0129999999999,350.08699999999999,38.347000000000001
2026-02-10 14:00:00,1246.9549999999999,1737.789,352.976,37.210000000000001
2026-02-10 15:00:00,1304.394,1456.835,353.17700000000002,37.652999999999999
2026-02-10 16:00:00,1363.3209999999999,1293.423,329.70100000000002,38.286000000000001
2026-02-10 17:00:00,1575.4649999999999,984.66600000000005,269.91199999999998,37.779000000000003
2026-02-10 18:00:00,1631.2090000000001,429.55200000000002,229.10400000000001,37.621000000000002
2026-02-10 19:00:00,1824.828,15.058999999999999,209.803,37.591999999999999
2026-02-10 20:00:00,1714.2829999999999,0,275.49200000000002,38.972999999999999
2026-02-10 21:00:00,1529.5229999999999,0,255.916,37.622
2026-02-10 22:00:00,1412.7819999999999,0,93.885000000000005,36.743000000000002
2026-02-10 23:00:00,1453.386,0,67.959999999999994,38.444000000000003
2026-02-11 00:00:00,1313.7719999999999,0,23.760000000000002,37.177999999999997
2026-02-11 01:00:00,1182.796,0,0,36.932000000000002
2026-02-11 02:00:00,946.68200000000002,0,0,37.113
2026-02-11 03:00:00,756.41600000000005,0,0,36.097999999999999
2026-02-11 04:00:00,746.529,0,4.0510000000000002,36.136000000000003
2026-02-11 05:00:00,702.25400000000002,7.9000000000000001E-2,120.43300000000001,37.148000000000003
2026-02-11 06:00:00,625.46400000000006,120.274,165.21600000000001,37.142000000000003
2026-02-11 07:00:00,613.40499999999997,993.26700000000005,134.404,37.008000000000003
2026-02-11 08:00:00,533.28999999999996,1682.8320000000001,253.327,36.116
2026-02-11 09:00:00,631.59199999999998,1985.8420000000001,363.35500000000002,36.183
2026-02-11 10:00:00,946.72500000000002,2192.2179999999998,368.34399999999999,35.831000000000003
2026-02-11 11:00:00,1188.7929999999999,2322.7130000000002,368.14100000000002,36.655999999999999
2026-02-11 12:00:00,1288.2629999999999,2297.1799999999998,369.404,36.811
2026-02-11 13:00:00,1630.3710000000001,2104.116,367.10500000000002,36.642000000000003
2026-02-11 14:00:00,1985.008,2116.8229999999999,361.62099999999998,35.906999999999996
2026-02-11 15:00:00,1972.883,2003.171,371.05099999999999,36.314
2026-02-11 16:00:00,1904.21,1733.4639999999999,422.07900000000001,35.389000000000003
2026-02-11 17:00:00,1981.252,1341.835,434.93799999999999,35.359999999999999
2026-02-11 18:00:00,2267.8589999999999,497.262,410.49000000000001,35.256
2026-02-11 19:00:00,2226.1680000000001,15.303000000000001,366.35000000000002,35.530000000000001
2026-02-11 20:00:00,2148.6419999999998,0,368.613,36.692999999999998
2026-02-11 21:00:00,2201.681,0,329.44999999999999,36.432000000000002
2026-02-11 22:00:00,2130.614,0,99.748999999999995,34.869
2026-02-11 23:00:00,2211.4000000000001,0,76.992999999999995,36.168999999999997
2026-02-12 00:00:00,2241.1030000000001,0,38.649000000000001,35.841000000000001
2026-02-12 01:00:00,2053.3690000000001,0,38.655999999999999,35.055
2026-02-12 02:00:00,2047.819,0,38.555,35.981000000000002
2026-02-12 03:00:00,2054.364,0,38.511000000000003,35.936
2026-02-12 04:00:00,1975.085,0,34.287999999999997,35.152999999999999
2026-02-12 05:00:00,1843.6849999999999,0.13800000000000001,23.030999999999999,36.767000000000003
2026-02-12 06:00:00,1722.306,101.971,112.31100000000001,35.459000000000003
2026-02-12 07:00:00,1561.277,795.149,83.938000000000002,35.862000000000002
2026-02-12 08:00:00,1375.9349999999999,1455.088,82.623999999999995,36.207999999999998
2026-02-12 09:00:00,1177.8040000000001,1774.2249999999999,196.745,34.978000000000002
2026-02-12 10:00:00,1169.7439999999999,1982.529,265.22000000000003,35.146000000000001
2026-02-12 11:00:00,1149.3099999999999,1971.0550000000001,294.529,35.162999999999997
2026-02-12 12:00:00,1266.8920000000001,1971.979,252.23400000000001,35.213999999999999
2026-02-12 13:00:00,1466.1400000000001,1840.2860000000001,292.88900000000001,35.069000000000003
2026-02-12 14:00:00,1680.3599999999999,1737.8,334.53800000000001,35.398000000000003
2026-02-12 15:00:00,2095.7759999999998,1528.886,243.322,35.353999999999999
2026-02-12 16:00:00,2360.422,1348.0409999999999,239.905,35.011000000000003
2026-02-12 17:00:00,2357.491,885.69500000000005,308.197,35.735999999999997
2026-02-12 18:00:00,2343.8560000000002,351.38200000000001,336.57100000000003,35.548999999999999
2026-02-12 19:00:00,2087.7199999999998,11.813000000000001,226.75700000000001,35.723999999999997
2026-02-12 20:00:00,1799.0840000000001,0,210.92099999999999,35.366
2026-02-12 21:00:00,1847.212,0,201.70400000000001,35.351999999999997
2026-02-12 22:00:00,1503.415,0,47.180999999999997,34.393999999999998
2026-02-12 23:00:00,1339.194,0,4.298,35.765999999999998
2026-02-13 00:00:00,1148.787,0,0,35.627000000000002
2026-02-13 01:00:00,983.70399999999995,0,0,35.540999999999997
2026-02-13 02:00:00,910.46400000000006,0,0,35.634999999999998
2026-02-13 03:00:00,781.28200000000004,0,0,35.573
2026-02-13 04:00:00,646.89599999999996,0,0.32000000000000001,35.347000000000001
2026-02-13 05:00:00,640.75400000000002,4.0000000000000001E-3,44.185000000000002,35.636000000000003
2026-02-13 06:00:00,740.17700000000002,97.105999999999995,61.454999999999998,36.045999999999999
2026-02-13 07:00:00,740.47900000000004,886.63,45.655999999999999,35.710000000000001
2026-02-13 08:00:00,877.83000000000004,1569.204,199.39099999999999,35.018999999999998
2026-02-13 09:00:00,1247.5509999999999,1934.6769999999999,358.20400000000001,35.136000000000003
2026-02-13 10:00:00,1477.3109999999999,2108.6570000000002,370.18900000000002,35.444000000000003
2026-02-13 11:00:00,1579.5160000000001,2187.4110000000001,377.76100000000002,35.783999999999999
2026-02-13 12:00:00,1752.77,2188.4520000000002,379.61000000000001,35.854999999999997
2026-02-13 13:00:00,1966.037,2122.377,366.32999999999998,34.552999999999997
2026-02-13 14:00:00,2239.9940000000001,1890.511,353.839,35.344000000000001
2026-02-13 15:00:00,2422.9949999999999,1564.059,358.66399999999999,34.615000000000002
2026-02-13 16:00:00,2553.636,1344.9649999999999,344.95400000000001,35.279000000000003
2026-02-13 17:00:00,2731.636,1070.4839999999999,419.46699999999998,36.314
2026-02-13 18:00:00,2918.0010000000002,401.75,416.27600000000001,35.509999999999998
2026-02-13 19:00:00,3014.3899999999999,12.654999999999999,370.42599999999999,35.786000000000001
2026-02-13 20:00:00,2913.5529999999999,0,292.06099999999998,36.442
2026-02-13 21:00:00,2715.288,0,226.93799999999999,33.948
2026-02-13 22:00:00,2480.415,0,62.843000000000004,33.787999999999997
2026-02-13 23:00:00,2424.4760000000001,0,30.091999999999999,33.091000000000001
2026-02-14 00:00:00,2370.027,0,0,36.171999999999997
2026-02-14 01:00:00,2172.2460000000001,0,0,37.515999999999998
2026-02-14 02:00:00,2329.0300000000002,0,0,34.656999999999996
2026-02-14 03:00:00,2464.846,0,0,33.755000000000003
2026-02-14 04:00:00,2455.018,0,0,33.921999999999997
2026-02-14 05:00:00,2360.4180000000001,0,0,36.829000000000001
2026-02-14 06:00:00,2047.2159999999999,97.129999999999995,23.542999999999999,37.899999999999999
2026-02-14 07:00:00,2199.4259999999999,897.16099999999994,109.154,38.555
2026-02-14 08:00:00,2312.1030000000001,1565.665,238.93100000000001,37.765999999999998
2026-02-14 09:00:00,2267.855,1787.3910000000001,356.08300000000003,37.442
2026-02-14 10:00:00,1599.3230000000001,1261.213,335.74099999999999,37.460000000000001
2026-02-14 11:00:00,1123.0730000000001,1109.7619999999999,338.11799999999999,37.43
2026-02-14 12:00:00,1202.606,1102.7750000000001,454.35700000000003,37.835000000000001
2026-02-14 13:00:00,1124.123,1112.204,465.35000000000002,40.223999999999997
2026-02-14 14:00:00,1124.998,1112.0360000000001,467.75099999999998,40.305
2026-02-14 15:00:00,1257.759,1037.1769999999999,471.02100000000002,40.581000000000003
2026-02-14 16:00:00,1319.6510000000001,872.596,433.50200000000001,39.814
2026-02-14 17:00:00,2057.4789999999998,1066.232,448.20699999999999,39.302
2026-02-14 18:00:00,2624.4749999999999,481.65499999999997,438.17899999999997,37.508000000000003
2026-02-14 19:00:00,2671.3240000000001,12.529,383.74700000000001,37.805999999999997
2026-02-14 20:00:00,2612.0010000000002,0,376.72899999999998,38.380000000000003
2026-02-14 21:00:00,2595.105,0,319.327,34.252000000000002
2026-02-14 22:00:00,2653.5279999999998,0,87.853999999999999,33.759999999999998
2026-02-14 23:00:00,2648.415,0,24.974,35.128
2026-02-15 00:00:00,2556.7869999999998,0,0,37.503999999999998
2026-02-15 01:00:00,2449.348,0,0,38.932000000000002
2026-02-15 02:00:00,2425.875,0,0,34.218000000000004
2026-02-15 03:00:00,2376.3580000000002,0,0,33.481000000000002
2026-02-15 04:00:00,2364.9749999999999,0,2.1059999999999999,33.408000000000001
2026-02-15 05:00:00,2432.277,8.9999999999999993E-3,88.819000000000003,33.988999999999997
2026-02-15 06:00:00,2285.2910000000002,97.122,101.277,37.874000000000002
2026-02-15 07:00:00,2052.6300000000001,897.05999999999995,149.952,38.957999999999998
2026-02-15 08:00:00,2125.8899999999999,1643.8240000000001,217.696,39.262
2026-02-15 09:00:00,2019.451,1884.5740000000001,404.64999999999998,35.956000000000003
2026-02-15 10:00:00,1886.1790000000001,1430.7080000000001,466.39699999999999,34.780000000000001
2026-02-15 11:00:00,1736.471,1138.902,396.25200000000001,38.512999999999998
2026-02-15 12:00:00,1734.279,965.74300000000005,370.42500000000001,39.085000000000001
2026-02-15 13:00:00,1785.788,886.12599999999998,350.22500000000002,39.703000000000003
2026-02-15 14:00:00,1886.327,852.40200000000004,311.84399999999999,34.740000000000002
2026-02-15 15:00:00,2103.3090000000002,761.88699999999994,331.93299999999999,34.597000000000001
2026-02-15 16:00:00,2342.9369999999999,700.77999999999997,415.233,36.180999999999997
2026-02-15 17:00:00,2511.3049999999998,1018.871,474.30399999999997,37.482999999999997
2026-02-15 18:00:00,2632.442,468.39400000000001,441.34500000000003,35.323999999999998
2026-02-15 19:00:00,2681.2530000000002,11.378,410.62,37.866
2026-02-15 20:00:00,2631.5729999999999,0,393.995,39.408999999999999
2026-02-15 21:00:00,2535.8919999999998,0,285.12,38.070999999999998
2026-02-15 22:00:00,2421.1210000000001,0,98.772999999999996,35.609999999999999
2026-02-15 23:00:00,2120.8890000000001,0,84.272999999999996,38.713999999999999
2026-02-16 00:00:00,1968.614,0,42.479999999999997,38.466000000000001
2026-02-16 01:00:00,1883.9300000000001,0,38.713000000000001,37.323
2026-02-16 02:00:00,1876.7529999999999,0,38.853999999999999,36.984999999999999
2026-02-16 03:00:00,1709.0050000000001,0,35.268999999999998,39.555999999999997
2026-02-16 04:00:00,1621.585,0,3.673,38.996000000000002
2026-02-16 05:00:00,1489.999,3.3000000000000002E-2,25.745999999999999,38.735999999999997
2026-02-16 06:00:00,1456.4469999999999,96.027000000000001,48.600000000000001,39.308
2026-02-16 07:00:00,1296.502,777.01199999999994,49.521999999999998,39.729999999999997
2026-02-16 08:00:00,1159.6769999999999,1433.377,54.049999999999997,39.265000000000001
2026-02-16 09:00:00,1330.1659999999999,1880.3979999999999,49.405999999999999,39.469000000000001
2026-02-16 10:00:00,1351.2719999999999,2055.1880000000001,58.515000000000001,39.490000000000002
2026-02-16 11:00:00,1288.4549999999999,2150.826,117.402,39.941000000000003
2026-02-16 12:00:00,1297.2729999999999,2204.6689999999999,186.31800000000001,39.265000000000001
2026-02-16 13:00:00,1278.54,2110.857,246.27500000000001,38.560000000000002
2026-02-16 14:00:00,1104.441,1842.9290000000001,240.018,38.054000000000002
2026-02-16 15:00:00,974.45399999999995,1296.2460000000001,255.816,38.773000000000003
2026-02-16 16:00:00,969.86199999999997,1046.3130000000001,194.02199999999999,38.883000000000003
2026-02-16 17:00:00,1128.6199999999999,736.00999999999999,245.92500000000001,38.880000000000003
2026-02-16 18:00:00,1227.0840000000001,207.87799999999999,257.76499999999999,38.802
2026-02-16 19:00:00,1527.415,8.7050000000000001,282.33100000000002,37.808999999999997
2026-02-16 20:00:00,1525.175,0,220.24600000000001,38.668999999999997
2026-02-16 21:00:00,1066.329,0,100.38200000000001,35.631
2026-02-16 22:00:00,1129.616,0,0.218,34.052999999999997
2026-02-16 23:00:00,1022.873,0,0,34.073999999999998
2026-02-17 00:00:00,744.61800000000005,0,0,34.494
2026-02-17 01:00:00,762.25099999999998,0,0,34.152000000000001
2026-02-17 02:00:00,922.12400000000002,0,0,34.863999999999997
2026-02-17 03:00:00,981.59100000000001,0,0,34.079999999999998
2026-02-17 04:00:00,1071.8330000000001,0,0,34.585000000000001
2026-02-17 05:00:00,1130.0409999999999,8.9999999999999993E-3,0,33.988
2026-02-17 06:00:00,982.08900000000006,78.129000000000005,0,34.475999999999999
2026-02-17 07:00:00,807.38300000000004,761.61800000000005,8.0000000000000002E-3,34.442999999999998
2026-02-17 08:00:00,679.49000000000001,1602.336,75.581999999999994,34.774000000000001
2026-02-17 09:00:00,670.78200000000004,1946.4860000000001,258.65199999999999,35.036000000000001
2026-02-17 10:00:00,740.56299999999999,2102.0340000000001,286.82799999999997,34.789000000000001
2026-02-17 11:00:00,839.27599999999995,2056.598,240.80799999999999,34.262
2026-02-17 12:00:00,765.71699999999998,1923.095,249.798,34.302
2026-02-17 13:00:00,848.05499999999995,1883.856,281.51100000000002,34.466999999999999
2026-02-17 14:00:00,940.43200000000002,1596.644,334.11500000000001,33.886000000000003
2026-02-17 15:00:00,1569.578,1364.7639999999999,315.76900000000001,34.366999999999997
2026-02-17 16:00:00,1467.9760000000001,820.55999999999995,352.29399999999998,34.533000000000001
2026-02-17 17:00:00,1684.6859999999999,726.89400000000001,366.053,38.917999999999999
2026-02-17 18:00:00,1244.6110000000001,303.572,358.08600000000001,41.295999999999999
2026-02-17 19:00:00,1113.133,5.4969999999999999,343.94400000000002,42.247
2026-02-17 20:00:00,989.89300000000003,0,338.536,44.031999999999996
2026-02-17 21:00:00,1194.261,0,275.505,44.310000000000002
2026-02-17 22:00:00,1006.082,0,2.0870000000000002,44.033000000000001
2026-02-17 23:00:00,748.99000000000001,0,0,43.784999999999997
2026-02-18 00:00:00,574.51300000000003,0,0,44.505000000000003
2026-02-18 01:00:00,342.01299999999998,0,0,43.915999999999997
2026-02-18 02:00:00,225.28700000000001,0,0,18.812999999999999
2026-02-18 03:00:00,333.99700000000001,0,0,18.542000000000002
2026-02-18 04:00:00,403.43599999999998,0,0,18.356000000000002
2026-02-18 05:00:00,508.48700000000002,4.0000000000000001E-3,0,16.001000000000001
2026-02-18 06:00:00,674.73699999999997,92.796999999999997,0,17.119
2026-02-18 07:00:00,714.02300000000002,868.18499999999995,3.5000000000000003E-2,31.515000000000001
2026-02-18 08:00:00,769.16499999999996,1610.616,104.501,39.820999999999998
2026-02-18 09:00:00,973.55799999999999,1949.087,280.38299999999998,42.656999999999996
2026-02-18 10:00:00,1228.9100000000001,2163.3420000000001,343.41000000000003,44.161999999999999
2026-02-18 11:00:00,1354.8430000000001,2267.4810000000002,402.63200000000001,43.667999999999999
2026-02-18 12:00:00,1387.683,2345.9389999999999,422.73500000000001,43.234000000000002
2026-02-18 13:00:00,1580.229,2236.3020000000001,397.18200000000002,43.042000000000002
2026-02-18 14:00:00,1617.414,1987.373,405.75599999999997,43.009
2026-02-18 15:00:00,1832.9380000000001,1819.377,321.61500000000001,43.787999999999997
2026-02-18 16:00:00,1773.079,1517.319,198.964,38.481000000000002
2026-02-18 17:00:00,1670.3320000000001,966.22799999999995,263.07900000000001,36.783000000000001
2026-02-18 18:00:00,1782.1110000000001,318.95600000000002,266.00299999999999,40.951000000000001
2026-02-18 19:00:00,1763.9960000000001,7.5750000000000002,260.61700000000002,41.594999999999999
2026-02-18 20:00:00,1235.136,0,341.79700000000003,42.093000000000004
2026-02-18 21:00:00,1122.798,0,263.166,42.155999999999999
2026-02-18 22:00:00,1029.692,0,0.34499999999999997,43.009999999999998
2026-02-18 23:00:00,829.14300000000003,0,0,44.006
2026-02-19 00:00:00,639.00599999999997,0,0,42.362000000000002
2026-02-19 01:00:00,632.72500000000002,0,0,41.482999999999997
2026-02-19 02:00:00,707.51199999999994,0,0,40.148000000000003
2026-02-19 03:00:00,677.67399999999998,0,0,42.877000000000002
2026-02-19 04:00:00,513.29999999999995,0,0.14399999999999999,42.732999999999997
2026-02-19 05:00:00,403.63099999999997,8.9999999999999993E-3,46.271999999999998,43.106999999999999
2026-02-19 06:00:00,341.161,95.662999999999997,71.664000000000001,44.201000000000001
2026-02-19 07:00:00,270.714,927.85500000000002,70.587999999999994,43.311
2026-02-19 08:00:00,298.05000000000001,1813.634,179.06800000000001,40.241999999999997
2026-02-19 09:00:00,300.54599999999999,2088.5520000000001,330.98899999999998,33.521999999999998
2026-02-19 10:00:00,304.279,2318.5360000000001,344.98200000000003,38.052999999999997
2026-02-19 11:00:00,421.92399999999998,2374.114,344.92200000000003,40.841999999999999
2026-02-19 12:00:00,670.01599999999996,2330.3009999999999,367.685,42.020000000000003
2026-02-19 13:00:00,939.21799999999996,2273.3240000000001,362.32999999999998,41.680999999999997
2026-02-19 14:00:00,1135.24,2168.8389999999999,355.20400000000001,41.994999999999997
2026-02-19 15:00:00,1264.5070000000001,2108.1170000000002,354.10399999999998,42.122999999999998
2026-02-19 16:00:00,1478.001,1833.415,357.70699999999999,42.840000000000003
2026-02-19 17:00:00,1491.3099999999999,1351.9369999999999,350.495,44.076999999999998
2026-02-19 18:00:00,1416.789,391.78699999999998,319.73500000000001,43.960000000000001
2026-02-19 19:00:00,1315.193,5.9130000000000003,345.33999999999997,43.923999999999999
2026-02-19 20:00:00,1109.701,0,301.911,44.191000000000003
2026-02-19 21:00:00,978.13900000000001,0,257.39100000000002,39.343000000000004
2026-02-19 22:00:00,800.04200000000003,0,97.030000000000001,34.329000000000001
2026-02-19 23:00:00,617.77200000000005,0,57.826000000000001,34.103000000000002
2026-02-20 00:00:00,512.52499999999998,0,36.439999999999998,34.167000000000002
2026-02-20 01:00:00,453.40300000000002,0,36.341999999999999,34.524000000000001
2026-02-20 02:00:00,472.56599999999997,0,36.134999999999998,34.482999999999997
2026-02-20 03:00:00,548.52999999999997,0,10.103,32.116
2026-02-20 04:00:00,634.10900000000004,0,0,31.948
2026-02-20 05:00:00,538.74000000000001,4.0000000000000001E-3,0,31.940999999999999
2026-02-20 06:00:00,434.43299999999999,86.5,0,32.530000000000001
2026-02-20 07:00:00,346.096,783.471,0.002,32.338999999999999
2026-02-20 08:00:00,266.87799999999999,1356.385,29.172999999999998,40.337000000000003
2026-02-20 09:00:00,208.988,1775.3779999999999,67.710999999999999,43.249000000000002
2026-02-20 10:00:00,299.78300000000002,2020.171,100.587,43.979999999999997
2026-02-20 11:00:00,511.26100000000002,2082.4360000000001,204.911,43.880000000000003
2026-02-20 12:00:00,774.34699999999998,1876.126,211.80500000000001,43.475999999999999
2026-02-20 13:00:00,1084.0820000000001,1766.9459999999999,233.76400000000001,43.715000000000003
2026-02-20 14:00:00,1326.8779999999999,1630.7940000000001,231.608,44.103000000000002
2026-02-20 15:00:00,1564.596,1289.057,253.608,45.127000000000002
2026-02-20 16:00:00,1575.7270000000001,1036.5309999999999,294.387,45.014000000000003
2026-02-20 17:00:00,1368.8099999999999,789.45899999999995,346.08300000000003,45.331000000000003
2026-02-20 18:00:00,1445.8599999999999,218.97999999999999,341.04000000000002,45.704999999999998
2026-02-20 19:00:00,1664.4929999999999,4.5919999999999996,326.76400000000001,45.808999999999997
2026-02-20 20:00:00,1731.2239999999999,0,329.47699999999998,46.052
2026-02-20 21:00:00,1572.202,0,260.31099999999998,45.515000000000001
2026-02-20 22:00:00,1666.2840000000001,0,38.329999999999998,45.725000000000001
2026-02-20 23:00:00,1543.143,0,14.208,46.048999999999999
2026-02-21 00:00:00,1684.2380000000001,0,0,46.212000000000003
2026-02-21 01:00:00,1495.8630000000001,0,0,46.222000000000001
2026-02-21 02:00:00,1361.2460000000001,0,0,45.866
2026-02-21 03:00:00,1288.2750000000001,0,0,43.584000000000003
2026-02-21 04:00:00,1186.8040000000001,0,0,41.616
2026-02-21 05:00:00,1224.0999999999999,0,0,44.460000000000001
2026-02-21 06:00:00,1190.752,48.078000000000003,0,44.829999999999998
2026-02-21 07:00:00,1212.1099999999999,628.64999999999998,0.193,45.670000000000002
2026-02-21 08:00:00,1194.9849999999999,1207.7059999999999,106.714,45.829000000000001
2026-02-21 09:00:00,989.23800000000006,1672.001,307.57999999999998,46.112000000000002
2026-02-21 10:00:00,912.13,1896.1980000000001,355.67899999999997,45.029000000000003
2026-02-21 11:00:00,946.33399999999995,1942.297,344.53800000000001,45.930999999999997
2026-02-21 12:00:00,1086.009,1952.145,322.767,45.643000000000001
2026-02-21 13:00:00,1272.681,1873.7919999999999,314.12900000000002,45.953000000000003
2026-02-21 14:00:00,1347.998,1804.9359999999999,318.928,46.161999999999999
2026-02-21 15:00:00,1382.5329999999999,1639.979,296.01100000000002,45.784999999999997
2026-02-21 16:00:00,1458.3820000000001,1465.943,348.476,45.976999999999997
2026-02-21 17:00:00,1736.135,953.89700000000005,394.19400000000002,45.939999999999998
2026-02-21 18:00:00,2069.3420000000001,253.57599999999999,360.18400000000003,42.816000000000003
2026-02-21 19:00:00,2366.4290000000001,6.9349999999999996,347.75999999999999,44.878999999999998
2026-02-21 20:00:00,2342.8180000000002,0,315.00999999999999,44.844999999999999
2026-02-21 21:00:00,2375.1970000000001,0,230.29599999999999,43.573999999999998
2026-02-21 22:00:00,2377.0900000000001,0,8.4879999999999995,41.170000000000002
2026-02-21 23:00:00,2157.4650000000001,0,0,41.661000000000001
2026-02-22 00:00:00,2030.797,0,0,44.371000000000002
2026-02-22 01:00:00,1790.518,0,0,45.924999999999997
2026-02-22 02:00:00,1514.5050000000001,0,0,45.341000000000001
2026-02-22 03:00:00,1227.636,0,0,44.905000000000001
2026-02-22 04:00:00,1025.223,0,0,45.997999999999998
2026-02-22 05:00:00,1043.338,0,0,46.439
2026-02-22 06:00:00,1008.957,50.267000000000003,0,45.399000000000001
2026-02-22 07:00:00,993.97000000000003,628.51800000000003,5.0000000000000001E-3,45.820999999999998
2026-02-22 08:00:00,793.75099999999998,1271.0840000000001,17.010999999999999,45.186999999999998
2026-02-22 09:00:00,648.47000000000003,1527.9870000000001,57.374000000000002,45.075000000000003
2026-02-22 10:00:00,611.471,1731.729,5.0000000000000001E-3,44.637999999999998
2026-02-22 11:00:00,665.59299999999996,1869.527,0,44.774999999999999
2026-02-22 12:00:00,733.10299999999995,1771.6949999999999,32.789999999999999,44.826999999999998
2026-02-22 13:00:00,894.58399999999995,1657.5229999999999,2.1600000000000001,44.350000000000001
2026-02-22 14:00:00,1076.047,1401.9469999999999,1.2999999999999999E-2,45.506
2026-02-22 15:00:00,1343.194,1046.2170000000001,0,45.909999999999997
2026-02-22 16:00:00,1616.143,729.96400000000006,35.790999999999997,45.293999999999997
2026-02-22 17:00:00,2155.5639999999999,434.85599999999999,77.301000000000002,44.781999999999996
2026-02-22 18:00:00,2355.598,76.789000000000001,46.655000000000001,43.533000000000001
2026-02-22 19:00:00,2158.4369999999999,0.84099999999999997,46.216000000000001,31.736000000000001
2026-02-22 20:00:00,1859.3040000000001,0,46.618000000000002,33.276000000000003
2026-02-22 21:00:00,1770.4760000000001,0,41.154000000000003,41.957999999999998
2026-02-22 22:00:00,1505.7149999999999,0,9.1999999999999998E-2,45.735999999999997
2026-02-22 23:00:00,1367.5999999999999,0,0,45.704000000000001
2026-02-23 00:00:00,1084.422,0,0,45.167000000000002
2026-02-23 01:00:00,695.38,0,0,44.750999999999998
2026-02-23 02:00:00,454.11099999999999,0,0,45.334000000000003
2026-02-23 03:00:00,311.74200000000002,0,0,45.482999999999997
2026-02-23 04:00:00,469.19299999999998,0,0,45.682000000000002
2026-02-23 05:00:00,708.11599999999999,0,0,46.240000000000002
2026-02-23 06:00:00,700.61400000000003,16.440999999999999,0,45.548000000000002
2026-02-23 07:00:00,730.88099999999997,246.44300000000001,0,46.018999999999998
2026-02-23 08:00:00,651.48400000000004,463.82999999999998,0,46.103999999999999
2026-02-23 09:00:00,652.89099999999996,736.46000000000004,10.708,46.259999999999998
2026-02-23 10:00:00,792.04899999999998,901.39999999999998,54.069000000000003,46.466999999999999
2026-02-23 11:00:00,704.70100000000002,1069.453,56.853000000000002,46.186
2026-02-23 12:00:00,764.96400000000006,1080.223,90.998999999999995,45.969999999999999
2026-02-23 13:00:00,1064.95,1261.0419999999999,74.572999999999993,45.935000000000002
2026-02-23 14:00:00,1580.577,1210.9760000000001,42.015000000000001,45.329000000000001
2026-02-23 15:00:00,1631.605,912.13300000000004,146.34100000000001,46.304000000000002
2026-02-23 16:00:00,1835.569,662.52200000000005,198.57400000000001,45.369
2026-02-23 17:00:00,2107.319,375.70299999999997,89.153000000000006,44.054000000000002
2026-02-23 18:00:00,1941.0509999999999,105.64700000000001,87.861000000000004,36.988999999999997
2026-02-23 19:00:00,1533.28,1.9710000000000001,68.161000000000001,35.32
2026-02-23 20:00:00,955.31299999999999,0,51.341000000000001,42.439
2026-02-23 21:00:00,835.40599999999995,0,0.17899999999999999,43.698
2026-02-23 22:00:00,731.096,0,0,44.479999999999997
2026-02-23 23:00:00,556.72500000000002,0,0,40.616999999999997
2026-02-24 00:00:00,442.06999999999999,0,0,38.659999999999997
2026-02-24 01:00:00,631.82799999999997,0,0,37.875999999999998
2026-02-24 02:00:00,688.54200000000003,0,0,37.186
2026-02-24 03:00:00,996.56100000000004,0,0,34.939
2026-02-24 04:00:00,1063.729,0,0,34.868000000000002
2026-02-24 05:00:00,989.77800000000002,0,0,35.755000000000003
2026-02-24 06:00:00,912.13599999999997,40.387,0,34.072000000000003
2026-02-24 07:00:00,920.75599999999997,365.78699999999998,0,31.582000000000001
2026-02-24 08:00:00,977.85199999999998,715.88,25.722999999999999,32.082000000000001
2026-02-24 09:00:00,1194.7139999999999,1100.2570000000001,128.50299999999999,31.693999999999999
2026-02-24 10:00:00,1260.491,1475.732,139.04499999999999,32.298999999999999
2026-02-24 11:00:00,1339.598,1711.3499999999999,149.97900000000001,32.976999999999997
2026-02-24 12:00:00,1507.0730000000001,1864.4970000000001,166.53200000000001,32.780999999999999
2026-02-24 13:00:00,1688.79,1925.6900000000001,184.822,32.377000000000002
2026-02-24 14:00:00,1760.1279999999999,1803.404,208.63399999999999,32.405000000000001
2026-02-24 15:00:00,1799.2149999999999,1696.7449999999999,227.392,32.142000000000003
2026-02-24 16:00:00,1834.8630000000001,1381.164,281.80200000000002,32.561
2026-02-24 17:00:00,1863.5350000000001,1019.011,324.221,32.871000000000002
2026-02-24 18:00:00,1937.1130000000001,279.19600000000003,310.15800000000002,32.597999999999999
2026-02-24 19:00:00,1888.587,2.5750000000000002,282.55700000000002,36.347000000000001
2026-02-24 20:00:00,1612.297,0,240.886,46.292000000000002
2026-02-24 21:00:00,1476.904,0,203.56299999999999,46.311
2026-02-24 22:00:00,1354.0909999999999,0,57.892000000000003,46.293999999999997
2026-02-24 23:00:00,1289.5360000000001,0,27.373000000000001,46.718000000000004
2026-02-25 00:00:00,1020.027,0,0,46.445999999999998
2026-02-25 01:00:00,730.32299999999998,0,0,44.389000000000003
2026-02-25 02:00:00,653.33799999999997,0,0,43.880000000000003
2026-02-25 03:00:00,663.05499999999995,0,0,44.945999999999998
2026-02-25 04:00:00,728.83500000000004,0,0,46.338999999999999
2026-02-25 05:00:00,546.18899999999996,4.0000000000000001E-3,0.19500000000000001,46.156999999999996
2026-02-25 06:00:00,620.78899999999999,80.876000000000005,35.862000000000002,46.029000000000003
2026-02-25 07:00:00,613.85299999999995,895.35699999999997,65.771000000000001,45.984999999999999
2026-02-25 08:00:00,533.62800000000004,1730.508,218.255,46.698999999999998
2026-02-25 09:00:00,505.00999999999999,2134.096,426.875,46.243000000000002
2026-02-25 10:00:00,510.983,2310.9969999999998,443.85700000000003,45.768999999999998
2026-02-25 11:00:00,640.61800000000005,2296.1320000000001,423.416,45.475000000000001
2026-02-25 12:00:00,768.22799999999995,2235.7190000000001,414.03800000000001,45.311
2026-02-25 13:00:00,864.53200000000004,2209.1840000000002,403.37799999999999,46.331000000000003
2026-02-25 14:00:00,914.45100000000002,2144.52,420.11799999999999,46.298000000000002
2026-02-25 15:00:00,997.95399999999995,2011.702,420.90300000000002,45.975000000000001
2026-02-25 16:00:00,1107.2929999999999,1757.671,453.613,46.174999999999997
2026-02-25 17:00:00,1161.4690000000001,1145.375,445.39800000000002,45.881999999999998
2026-02-25 18:00:00,1027.701,334.61099999999999,440.42599999999999,46.033999999999999
2026-02-25 19:00:00,1100.9559999999999,2.2069999999999999,440.75400000000002,46.537999999999997
2026-02-25 20:00:00,1282.1559999999999,0,444.625,46.697000000000003
2026-02-25 21:00:00,1298.675,0,425.714,46.279000000000003
2026-02-25 22:00:00,959.31500000000005,0,119.904,46.182000000000002
2026-02-25 23:00:00,738.93700000000001,0,56.845999999999997,45.215000000000003
2026-02-26 00:00:00,651.15899999999999,0,35.232999999999997,45.353999999999999
2026-02-26 01:00:00,588.04700000000003,0,35.149999999999999,45.164000000000001
2026-02-26 02:00:00,532.10900000000004,0,35.134,45.018000000000001
2026-02-26 03:00:00,488.53800000000001,0,35.090000000000003,45.488999999999997
2026-02-26 04:00:00,462.95499999999998,0,13.034000000000001,45.844000000000001
2026-02-26 05:00:00,388.755,0,88.938999999999993,44.761000000000003
2026-02-26 06:00:00,372.16000000000003,70.658000000000001,209.929,46.139000000000003
2026-02-26 07:00:00,408.43900000000002,896.63400000000001,225.114,45.420999999999999
2026-02-26 08:00:00,515.51700000000005,1745.8409999999999,367.82100000000003,45.665999999999997
2026-02-26 09:00:00,698.42600000000004,2075.5949999999998,528.39099999999996,45.573999999999998
2026-02-26 10:00:00,1018.7809999999999,2225.2800000000002,532.26599999999996,46.215000000000003
2026-02-26 11:00:00,1471.796,2264.2950000000001,504.11700000000002,46.475000000000001
2026-02-26 12:00:00,1796.1900000000001,2224.337,528.90200000000004,46.100999999999999
2026-02-26 13:00:00,2141.1460000000002,2276.308,543.06600000000003,46.420999999999999
2026-02-26 14:00:00,2299.6579999999999,2236.9780000000001,545.34500000000003,44.609000000000002
2026-02-26 15:00:00,2513.5729999999999,2131.7759999999998,558.24099999999999,46.363
2026-02-26 16:00:00,2885.1970000000001,1896.7190000000001,551.46799999999996,46.222999999999999
2026-02-26 17:00:00,2616.5880000000002,1360.799,472.19099999999997,46.252000000000002
2026-02-26 18:00:00,2350.2669999999998,350.56999999999999,510.63099999999997,46.055999999999997
2026-02-26 19:00:00,2165.3820000000001,1.9830000000000001,470.01999999999998,46.390000000000001
2026-02-26 20:00:00,2116.2620000000002,0,470.10399999999998,46.238999999999997
2026-02-26 21:00:00,1800.587,0,456.625,45.938000000000002
2026-02-26 22:00:00,1615.2750000000001,0,131.71700000000001,46.009
2026-02-26 23:00:00,1577.693,0,59.600000000000001,46.540999999999997
2026-02-27 00:00:00,1547.748,0,39.595999999999997,46.435000000000002
2026-02-27 01:00:00,1272.5509999999999,0,39.634,46.823999999999998
2026-02-27 02:00:00,1032.4670000000001,0,39.701000000000001,46.479999999999997
2026-02-27 03:00:00,885.59299999999996,0,39.561,46.170999999999999
2026-02-27 04:00:00,749.98800000000006,0,27.757000000000001,46.116
2026-02-27 05:00:00,693.53200000000004,0,87.135999999999996,45.923000000000002
2026-02-27 06:00:00,621.77300000000002,65.914000000000001,197.31200000000001,45.768000000000001
2026-02-27 07:00:00,464.72399999999999,880.74699999999996,236.03,45.710999999999999
2026-02-27 08:00:00,291.226,1761.3130000000001,381.39600000000002,46.177
2026-02-27 09:00:00,210.02099999999999,2119.9259999999999,550.76199999999994,45.758000000000003
2026-02-27 10:00:00,209.46299999999999,2286.4360000000001,558.53200000000004,46.121000000000002
2026-02-27 11:00:00,351.61900000000003,2359.7649999999999,560.77099999999996,46.414999999999999
2026-02-27 12:00:00,587.28399999999999,2378.808,556.23000000000002,46.183
2026-02-27 13:00:00,891.40200000000004,2357.201,551.875,46.039000000000001
2026-02-27 14:00:00,1118.5740000000001,2285.5309999999999,548.83199999999999,45.93
2026-02-27 15:00:00,1291.8199999999999,2151.6199999999999,555.81500000000005,45.939999999999998
2026-02-27 16:00:00,1413.1769999999999,1849.6179999999999,536.32500000000005,45.411000000000001
2026-02-27 17:00:00,1666.239,1295.8720000000001,543.53200000000004,45.930999999999997
2026-02-27 18:00:00,1875.8589999999999,325.13,499.62,45.784999999999997
2026-02-27 19:00:00,1710.951,1.448,463.654,45.694000000000003
2026-02-27 20:00:00,1529.182,0,424.62400000000002,45.627000000000002
2026-02-27 21:00:00,1295.318,0,351.54000000000002,45.771000000000001
2026-02-27 22:00:00,1106.2059999999999,0,97.069999999999993,45.415999999999997
2026-02-27 23:00:00,956.93100000000004,0,53.582000000000001,45.649999999999999
2026-02-28 00:00:00,956.15499999999997,0,38.228000000000002,45.658000000000001
2026-02-28 01:00:00,1105.193,0,38.179000000000002,46.064
2026-02-28 02:00:00,1086.075,0,37.954000000000001,45.942999999999998
2026-02-28 03:00:00,1146.346,0,27.771000000000001,46.518000000000001
2026-02-28 04:00:00,1251.4359999999999,0,0,46.545000000000002
2026-02-28 05:00:00,1406.6969999999999,0,13.874000000000001,46.067
2026-02-28 06:00:00,1587.5540000000001,55.914999999999999,89.489999999999995,45.802999999999997
2026-02-28 07:00:00,1557.2249999999999,768.02200000000005,207.524,45.478000000000002
2026-02-28 08:00:00,1415.136,1644.0260000000001,321.108,45.828000000000003
2026-02-28 09:00:00,1583.4300000000001,1961.403,455.20400000000001,45.848999999999997
2026-02-28 10:00:00,1808.751,1788.376,459.69499999999999,45.820999999999998
2026-02-28 11:00:00,2153.4029999999998,1108.277,441.58199999999999,46.186
2026-02-28 12:00:00,1850.0409999999999,1038.473,452.66000000000003,45.889000000000003
2026-02-28 13:00:00,1672.635,932.78700000000003,390.17200000000003,45.344000000000001
2026-02-28 14:00:00,1299.0899999999999,875.95899999999995,384.42099999999999,46.256999999999998
2026-02-28 15:00:00,1299.8040000000001,765.53099999999995,308.96600000000001,46.677
2026-02-28 16:00:00,1353.4739999999999,690.69600000000003,350.20299999999997,45.817
2026-02-28 17:00:00,1380.097,542.41099999999994,497.73099999999999,45.601999999999997
2026-02-28 18:00:00,1577.6669999999999,260,485.67599999999999,46.162999999999997
2026-02-28 19:00:00,1647.278,1.3009999999999999,443.971,46.091000000000001
2026-02-28 20:00:00,1722.6130000000001,0,299.12299999999999,45.850000000000001
2026-02-28 21:00:00,1718.5730000000001,0,248.58500000000001,45.529000000000003
2026-02-28 22:00:00,1604.2550000000001,0,94.483000000000004,46.142000000000003
2026-02-28 23:00:00,1555.6880000000001,0,50.911000000000001,46.276000000000003
2026-03-01 00:00:00,1209.7739999999999,0,38.049999999999997,46.375
2026-03-01 01:00:00,1062.675,0,25.498999999999999,46.143999999999998
2026-03-01 02:00:00,997.82299999999998,0,0,44.100999999999999
2026-03-01 03:00:00,1035.7270000000001,0,0,43.758000000000003
2026-03-01 04:00:00,910.82299999999998,0,0,44.383000000000003
2026-03-01 05:00:00,931.48500000000001,0,0,44.063000000000002
2026-03-01 06:00:00,960.71000000000004,27.465,0,46.151000000000003
2026-03-01 07:00:00,1000.1950000000001,496.82299999999998,40.302,46.383000000000003
2026-03-01 08:00:00,1036.396,772.75,167.602,45.848999999999997
2026-03-01 09:00:00,1020.658,645.02099999999996,322.21899999999999,45.575000000000003
2026-03-01 10:00:00,1057.6769999999999,736.24900000000002,343.06400000000002,45.656999999999996
2026-03-01 11:00:00,1196.5540000000001,892.07799999999997,388.678,45.628
2026-03-01 12:00:00,1239.002,928.74099999999999,418.66899999999998,46.002000000000002
2026-03-01 13:00:00,1277.4179999999999,871.94000000000005,451.72399999999999,46.115000000000002
2026-03-01 14:00:00,1241.8230000000001,880.78399999999999,455.053,45.707000000000001
2026-03-01 15:00:00,1329.087,735.86099999999999,509.41500000000002,46.201999999999998
2026-03-01 16:00:00,1360.9110000000001,786.80799999999999,560.096,45.798999999999999
2026-03-01 17:00:00,1854.3440000000001,880.54200000000003,534.46500000000003,46.683999999999997
2026-03-01 18:00:00,2584.7040000000002,192.47300000000001,494.14299999999997,45.938000000000002
2026-03-01 19:00:00,2384.3090000000002,0.88,466.93900000000002,46.219000000000001
2026-03-01 20:00:00,2068.576,0,470.48899999999998,45.311
2026-03-01 21:00:00,1756.3689999999999,0,446.70499999999998,45.756
2026-03-01 22:00:00,1377.2449999999999,0,84.447000000000003,44.046999999999997
2026-03-01 23:00:00,1231.712,0,39.640999999999998,43.912999999999997
2026-03-02 00:00:00,996.70299999999997,0,39.567,44.795000000000002
2026-03-02 01:00:00,924.57600000000002,0,39.677999999999997,46.387
2026-03-02 02:00:00,837.61099999999999,0,39.640999999999998,45.543999999999997
2026-03-02 03:00:00,777.447,0,39.216999999999999,46.110999999999997
2026-03-02 04:00:00,802.22799999999995,0,41.115000000000002,45.615000000000002
2026-03-02 05:00:00,879.55999999999995,0,99.662999999999997,45.57
2026-03-02 06:00:00,908.02700000000004,51.558999999999997,101.63500000000001,44.706000000000003
2026-03-02 07:00:00,854.77599999999995,789.88900000000001,210.273,45.387999999999998
2026-03-02 08:00:00,497.70499999999998,1049.3409999999999,336.86900000000003,46.442999999999998
2026-03-02 09:00:00,472.88400000000001,918.41099999999994,462.68599999999998,45.914999999999999
2026-03-02 10:00:00,397.47699999999998,810.69399999999996,467.38299999999998,46.014000000000003
2026-03-02 11:00:00,390.64499999999998,870.87199999999996,467.16500000000002,46.524000000000001
2026-03-02 12:00:00,376.55200000000002,896.072,466.20999999999998,45.905000000000001
2026-03-02 13:00:00,339.00599999999997,810.67499999999995,467.56099999999998,46.630000000000003
2026-03-02 14:00:00,318.66500000000002,802.61699999999996,469.03899999999999,46.090000000000003
2026-03-02 15:00:00,292.25900000000001,784.99800000000005,469.99000000000001,44.764000000000003
2026-03-02 16:00:00,285.95100000000002,1203.5429999999999,470.36200000000002,46.463999999999999
2026-03-02 17:00:00,374.26600000000002,1151.0920000000001,455.779,46.198999999999998
2026-03-02 18:00:00,731.35199999999998,260.572,409.66199999999998,45.639000000000003
2026-03-02 19:00:00,740.93299999999999,0.752,380.95400000000001,45.055999999999997
2026-03-02 20:00:00,858.93799999999999,0,380.74299999999999,45.755000000000003
2026-03-02 21:00:00,875.30200000000002,0,364.06599999999997,44.277999999999999
2026-03-02 22:00:00,887.19299999999998,0,133.536,46.597000000000001
2026-03-02 23:00:00,852.81500000000005,0,50.798999999999999,46.018999999999998
2026-03-03 00:00:00,758.48000000000002,0,39.984999999999999,46.405000000000001
2026-03-03 01:00:00,678.41399999999999,0,40.060000000000002,46.524999999999999
2026-03-03 02:00:00,605.34299999999996,0,40.116999999999997,46.149000000000001
2026-03-03 03:00:00,587.20600000000002,0,40.188000000000002,46.469000000000001
2026-03-03 04:00:00,580.20799999999997,0,54.469999999999999,46.770000000000003
2026-03-03 05:00:00,712.423,0,102.637,46.600000000000001
2026-03-03 06:00:00,809.14099999999996,44.978999999999999,163.03200000000001,45.442
2026-03-03 07:00:00,845.40999999999997,687.74000000000001,261.91300000000001,46.006
2026-03-03 08:00:00,677.06899999999996,1319.566,366.75200000000001,45.847999999999999
2026-03-03 09:00:00,828.01900000000001,1538.6880000000001,463.79700000000003,46.491999999999997
2026-03-03 10:00:00,1046.077,1197.0129999999999,419.012,46.365000000000002
2026-03-03 11:00:00,1193.192,1040.2049999999999,403.714,43.235999999999997
2026-03-03 12:00:00,1255.239,1067.3219999999999,400.971,44.412999999999997
2026-03-03 13:00:00,1356.7829999999999,1031.626,401.93900000000002,45.779000000000003
2026-03-03 14:00:00,1582.096,1000.273,400.154,45.645000000000003
2026-03-03 15:00:00,1702.942,962.399,397.495,45.060000000000002
2026-03-03 16:00:00,1694.73,782.60900000000004,444.80200000000002,44.445
2026-03-03 17:00:00,1504.7080000000001,629.79100000000005,444.125,44.512
2026-03-03 18:00:00,1506.653,220.86099999999999,399.98099999999999,45.594000000000001
2026-03-03 19:00:00,1402.2739999999999,0.48199999999999998,371.10700000000003,45.790999999999997
2026-03-03 20:00:00,1127.7380000000001,0,374.005,45.865000000000002
2026-03-03 21:00:00,820.822,0,332.13,45.829000000000001
2026-03-03 22:00:00,716.16399999999999,0,96.123999999999995,45.462000000000003
2026-03-03 23:00:00,596.44899999999996,0,41.639000000000003,45.334000000000003
2026-03-04 00:00:00,502.76600000000002,0,40.168999999999997,44.420000000000002
2026-03-04 01:00:00,342.80599999999998,0,40.125,43.670000000000002
2026-03-04 02:00:00,282.17200000000003,0,40.219000000000001,43.268000000000001
2026-03-04 03:00:00,275.75400000000002,0,39.951999999999998,43.103000000000002
2026-03-04 04:00:00,365.85700000000003,0,36.649000000000001,43.569000000000003
2026-03-04 05:00:00,469.35300000000001,0,0.123,44.203000000000003
2026-03-04 06:00:00,424.06299999999999,47.603999999999999,4.3200000000000003,45.231000000000002
2026-03-04 07:00:00,493.74799999999999,730.24000000000001,84.474999999999994,45.234999999999999
2026-03-04 08:00:00,439.91300000000001,1311.567,194.09200000000001,44.841000000000001
2026-03-04 09:00:00,644.30499999999995,1618.347,383.42700000000002,44.07
2026-03-04 10:00:00,1057.615,1803.123,383.149,44.496000000000002
2026-03-04 11:00:00,1572.9349999999999,1867.442,392.00999999999999,44.750999999999998
2026-03-04 12:00:00,1981.9159999999999,1905.79,358.63600000000002,44.079999999999998
2026-03-04 13:00:00,2212.4940000000001,1794.953,334.73899999999998,42.768000000000001
2026-03-04 14:00:00,2204.9000000000001,1587.915,282.661,43.432000000000002
2026-03-04 15:00:00,2084.2020000000002,1422.2940000000001,213,43.046999999999997
2026-03-04 16:00:00,2034.8699999999999,1049.5530000000001,221.101,43.441000000000003
2026-03-04 17:00:00,2107.855,638.78300000000002,334.24799999999999,43.253
2026-03-04 18:00:00,1896.289,155.82900000000001,310.55000000000001,38.048999999999999
2026-03-04 19:00:00,1661.3510000000001,1.333,291.24200000000002,40.106999999999999
2026-03-04 20:00:00,1381.288,0,184.52500000000001,44.506999999999998
2026-03-04 21:00:00,1282.942,0,148.23400000000001,45.418999999999997
2026-03-04 22:00:00,1374.2940000000001,0,0.151,45.744
2026-03-04 23:00:00,1328.085,0,0,45.017000000000003
2026-03-05 00:00:00,1342.0719999999999,0,0,43.847000000000001
2026-03-05 01:00:00,1209.8610000000001,0,0,42.540999999999997
2026-03-05 02:00:00,1314.759,0,0,41.128999999999998
2026-03-05 03:00:00,1032.9680000000001,0,0,41.564999999999998
2026-03-05 04:00:00,1333.135,0,0,41.555999999999997
2026-03-05 05:00:00,1413.3030000000001,0,0,42.890999999999998
2026-03-05 06:00:00,1327.4290000000001,21.712,0,44.441000000000003
2026-03-05 07:00:00,1304.758,382.45999999999998,0,43.966000000000001
2026-03-05 08:00:00,1384.2049999999999,790.78599999999994,0.001,44.008000000000003
2026-03-05 09:00:00,1650.683,966.23199999999997,29.937000000000001,44.069000000000003
2026-03-05 10:00:00,1906.376,1217.9110000000001,88.031000000000006,44.168999999999997
2026-03-05 11:00:00,1901.5920000000001,1522.338,61.988999999999997,42.402999999999999
2026-03-05 12:00:00,1911.576,1710.1369999999999,60.482999999999997,42.423999999999999
2026-03-05 13:00:00,1998.856,1609.6579999999999,112.425,43.140999999999998
2026-03-05 14:00:00,1845.903,1603.6089999999999,155.12100000000001,43.697000000000003
2026-03-05 15:00:00,1778.2919999999999,1230.6469999999999,155.93899999999999,41.293999999999997
2026-03-05 16:00:00,1705.2149999999999,941.851,172.95400000000001,41.232999999999997
2026-03-05 17:00:00,1527.671,636.65999999999997,181.202,42.997999999999998
2026-03-05 18:00:00,1138.8399999999999,166.43199999999999,160.91399999999999,42.322000000000003
2026-03-05 19:00:00,1033.751,0.32700000000000001,65.182000000000002,43.564999999999998
2026-03-05 20:00:00,1007.0119999999999,0,56.280000000000001,43.951000000000001
2026-03-05 21:00:00,743.76499999999999,0,7.4160000000000004,44.249000000000002
2026-03-05 22:00:00,887.41700000000003,0,0,44.042999999999999
2026-03-05 23:00:00,1078.298,0,0,43.624000000000002
2026-03-06 00:00:00,908.85699999999997,0,0,42.323
2026-03-06 01:00:00,694.89800000000002,0,0,42.152999999999999
2026-03-06 02:00:00,725.78899999999999,0,0,41.941000000000003
2026-03-06 03:00:00,711.01199999999994,0,0,42.281999999999996
2026-03-06 04:00:00,620.95000000000005,0,0,42.807000000000002
2026-03-06 05:00:00,673.56100000000004,0,0,40.923999999999999
2026-03-06 06:00:00,695.54100000000005,8.9299999999999997,0,41.837000000000003
2026-03-06 07:00:00,589.33199999999999,284.03399999999999,0,44.786999999999999
2026-03-06 08:00:00,626.327,608.32600000000002,12.093999999999999,44.616999999999997
2026-03-06 09:00:00,856.27599999999995,1168.904,38.793999999999997,44.469999999999999
2026-03-06 10:00:00,1041.24,1458.1700000000001,4.8890000000000002,44.645000000000003
2026-03-06 11:00:00,1367.0540000000001,1664.7329999999999,105.56999999999999,39.939999999999998
2026-03-06 12:00:00,1691.8699999999999,1637.8610000000001,201.256,41.628999999999998
2026-03-06 13:00:00,1878.068,1711.4690000000001,219.57900000000001,44.048999999999999
2026-03-06 14:00:00,2102.991,1769.2560000000001,235.30600000000001,43.654000000000003
2026-03-06 15:00:00,2265.491,1593.0050000000001,260.95600000000002,43.991999999999997
2026-03-06 16:00:00,2409.0610000000001,1474.191,291.11399999999998,44.654000000000003
2026-03-06 17:00:00,2447.703,925.93799999999999,279.952,35.874000000000002
2026-03-06 18:00:00,2375.8130000000001,174.98699999999999,232.01300000000001,40.807000000000002
2026-03-06 19:00:00,2218.6700000000001,0.22700000000000001,202.185,42.262999999999998
2026-03-06 20:00:00,2215.6880000000001,0,220.29400000000001,42.816000000000003
2026-03-06 21:00:00,2250.0300000000002,0,266.05200000000002,42.331000000000003
2026-03-06 22:00:00,2248.3560000000002,0,46.033000000000001,42.579999999999998
2026-03-06 23:00:00,2291.7930000000001,0,0,42.210000000000001
2026-03-07 00:00:00,2365.7260000000001,0,0,42.32
2026-03-07 01:00:00,2238.223,0,0,42.536000000000001
2026-03-07 02:00:00,2145.4490000000001,0,0,41.033000000000001
2026-03-07 03:00:00,2087.9540000000002,0,0,38.857999999999997
2026-03-07 04:00:00,1967.6690000000001,0,0,38.396000000000001
2026-03-07 05:00:00,1892.29,0,0,38.631999999999998
2026-03-07 06:00:00,1763.71,45.901000000000003,0,40.326999999999998
2026-03-07 07:00:00,1736.0940000000001,806.846,54.703000000000003,42.722999999999999
2026-03-07 08:00:00,1811.8409999999999,1630.0029999999999,170.184,42.613
2026-03-07 09:00:00,1897.73,1976.441,296.423,43.192
2026-03-07 10:00:00,1776.2080000000001,2189.0050000000001,289.35399999999998,21.984999999999999
2026-03-07 11:00:00,1658.1120000000001,2300.1770000000001,321.541,18.536000000000001
2026-03-07 12:00:00,1062.3689999999999,2376.1819999999998,405.88400000000001,18.449999999999999
2026-03-07 13:00:00,792.25699999999995,2196.3890000000001,522.947,18.446000000000002
2026-03-07 14:00:00,791.55600000000004,1685.0119999999999,560.851,18.434999999999999
2026-03-07 15:00:00,875.29200000000003,1572.923,557.23000000000002,18.391999999999999
2026-03-07 16:00:00,1012.665,1414.9480000000001,559.37,19.501999999999999
2026-03-07 17:00:00,1476.7619999999999,1194.991,545.072,28.492999999999999
2026-03-07 18:00:00,2129.1350000000002,220.63999999999999,504.79199999999997,37.201000000000001
2026-03-07 19:00:00,2142.48,0.23699999999999999,473.65899999999999,42.034999999999997
2026-03-07 20:00:00,2218.9229999999998,0,474.65800000000002,40.686
2026-03-07 21:00:00,2281.4090000000001,0,449.82299999999998,40.167999999999999
2026-03-07 22:00:00,2136.4609999999998,0,75.543999999999997,41.112000000000002
2026-03-07 23:00:00,2048.7579999999998,0,39.572000000000003,40.905000000000001
2026-03-08 00:00:00,2093.9929999999999,0,39.831000000000003,40.527999999999999
2026-03-08 01:00:00,2284.2150000000001,0,39.506,40.960000000000001
2026-03-08 02:00:00,2278.056,0,39.628999999999998,41.606999999999999
2026-03-08 03:00:00,2254.7739999999999,0,39.548999999999999,41.261000000000003
2026-03-08 04:00:00,2261.8159999999998,0,56.625,40.548999999999999
2026-03-08 05:00:00,2298.1320000000001,0,105.566,41.487000000000002
2026-03-08 06:00:00,2273.4720000000002,50.631999999999998,176.12899999999999,42.655000000000001
2026-03-08 07:00:00,2094.2240000000002,846.39999999999998,297.166,43.283000000000001
2026-03-08 08:00:00,1352.9939999999999,1641.5250000000001,425.79700000000003,42.399000000000001
2026-03-08 09:00:00,1115.867,1188.172,514.71000000000004,42.048000000000002
2026-03-08 10:00:00,996.40099999999995,1109.0350000000001,502.76900000000001,41.780999999999999
2026-03-08 11:00:00,932.31500000000005,1161.877,498.928,42.149999999999999
2026-03-08 12:00:00,1000.078,1190.95,487.47899999999998,40.734000000000002
2026-03-08 13:00:00,994.904,1283.722,495.16399999999999,40.939999999999998
2026-03-08 14:00:00,799.63300000000004,1137.1120000000001,497.577,40.906999999999996
2026-03-08 15:00:00,812.053,926.61300000000006,491.22699999999998,40.973999999999997
2026-03-08 16:00:00,904.41600000000005,771.50999999999999,554.33900000000006,40.978999999999999
2026-03-08 17:00:00,1395.367,1076.0799999999999,548.31899999999996,40.624000000000002
2026-03-08 18:00:00,2443.9169999999999,199.99199999999999,493.65499999999997,40.646999999999998
2026-03-08 19:00:00,2494.4659999999999,0.14599999999999999,466.291,41.136000000000003
2026-03-08 20:00:00,2515.6060000000002,0,468.524,41.081000000000003
2026-03-08 21:00:00,2525.7150000000001,0,450.46699999999998,40.823
2026-03-08 22:00:00,2537.8029999999999,0,129.786,41.93
2026-03-08 23:00:00,2288.5050000000001,0,39.454000000000001,42.356000000000002
2026-03-09 00:00:00,2123.127,0,38.542999999999999,42.457999999999998
2026-03-09 01:00:00,1900.6030000000001,0,38.420999999999999,42.432000000000002
2026-03-09 02:00:00,1879.2570000000001,0,38.301000000000002,42.231999999999999
2026-03-09 03:00:00,1871.4680000000001,0,38.234000000000002,42.298999999999999
2026-03-09 04:00:00,1862.501,0,38.259,42.276000000000003
2026-03-09 05:00:00,1789.5450000000001,0,11.644,43.561999999999998
2026-03-09 06:00:00,1611.9849999999999,52.652999999999999,25.968,42.921999999999997
2026-03-09 07:00:00,1456.124,820.26599999999996,103.52800000000001,42.904000000000003
2026-03-09 08:00:00,1242.3440000000001,1736.2190000000001,178.34899999999999,43.031999999999996
2026-03-09 09:00:00,1121.6089999999999,1416.9760000000001,371.10700000000003,41.384
2026-03-09 10:00:00,1039.356,1178.28,437.589,42.283999999999999
2026-03-09 11:00:00,953.30999999999995,1217.2180000000001,386.28199999999998,41.274999999999999
2026-03-09 12:00:00,830.66800000000001,1150.048,311.68099999999998,41.179000000000002
2026-03-09 13:00:00,723.29499999999996,1107.2460000000001,277.70499999999998,41.835000000000001
2026-03-09 14:00:00,751.65200000000004,1003.538,265.01799999999997,41.786000000000001
2026-03-09 15:00:00,923.56200000000001,963.553,316.52999999999997,42.164000000000001
2026-03-09 16:00:00,998.35400000000004,1180.768,334.56299999999999,41.119999999999997
2026-03-09 17:00:00,1158.7249999999999,979.81600000000003,367.75900000000001,40.130000000000003
2026-03-09 18:00:00,1366.8900000000001,165.37700000000001,399.529,40.030000000000001
2026-03-09 19:00:00,1791.4469999999999,0.11,449.108,41.567999999999998
2026-03-09 20:00:00,2035.27,0,428.70600000000002,40.816000000000003
2026-03-09 21:00:00,2030.1769999999999,0,334.28399999999999,41.655999999999999
2026-03-09 22:00:00,1856.9960000000001,0,29.446000000000002,41.261000000000003
2026-03-09 23:00:00,1574.5409999999999,0,0,39.426000000000002
2026-03-10 00:00:00,1556.182,0,0,38.731000000000002
2026-03-10 01:00:00,1525.346,0,0,38.866
2026-03-10 02:00:00,1414.9449999999999,0,0,39.133000000000003
2026-03-10 03:00:00,1248.0450000000001,0,0,39.616999999999997
2026-03-10 04:00:00,1054.684,0,0,39.292000000000002
2026-03-10 05:00:00,964.18499999999995,0,0,38.649000000000001
2026-03-10 06:00:00,926.976,51.378,0,40.085000000000001
2026-03-10 07:00:00,870.05200000000002,811.14499999999998,1.268,40.969999999999999
2026-03-10 08:00:00,709.10000000000002,1729.2460000000001,122.321,38.728000000000002
2026-03-10 09:00:00,749.96600000000001,2128.8719999999998,324.72500000000002,40.792999999999999
2026-03-10 10:00:00,857.49199999999996,2303.2330000000002,398.50900000000001,41.149999999999999
2026-03-10 11:00:00,864.87400000000002,2303.5770000000002,430.69099999999997,40.648000000000003
2026-03-10 12:00:00,806.29200000000003,2269.049,403.75700000000001,40.871000000000002
2026-03-10 13:00:00,730.30899999999997,2205.2280000000001,344.23599999999999,40.972000000000001
2026-03-10 14:00:00,704.41800000000001,2095.4929999999999,352.995,40.942
2026-03-10 15:00:00,688.875,2014.49,364.334,41.133000000000003
2026-03-10 16:00:00,783.95299999999997,1666.269,454.37400000000002,41.335000000000001
2026-03-10 17:00:00,872.69500000000005,959.16200000000003,463.84500000000003,40.918999999999997
2026-03-10 18:00:00,1254.354,146.09700000000001,433.41199999999998,40.619
2026-03-10 19:00:00,1574.114,0.062,438.48700000000002,41.084000000000003
2026-03-10 20:00:00,1622.1690000000001,0,439.11200000000002,40.987000000000002
2026-03-10 21:00:00,1496.7090000000001,0,283.44999999999999,41.287999999999997
2026-03-10 22:00:00,1451.6880000000001,0,63.649999999999999,41.311999999999998
2026-03-10 23:00:00,1479.5889999999999,0,25.605,40.25
2026-03-11 00:00:00,1484.2919999999999,0,0,39.725999999999999
2026-03-11 01:00:00,1450.268,0,0,38.874000000000002
2026-03-11 02:00:00,1221.425,0,0,39.889000000000003
2026-03-11 03:00:00,1011.646,0,0,39.192
2026-03-11 04:00:00,975.12599999999998,0,0,40.215000000000003
2026-03-11 05:00:00,850.59799999999996,0,47.094999999999999,40.274000000000001
2026-03-11 06:00:00,787.30999999999995,51.764000000000003,98.179000000000002,41.384
2026-03-11 07:00:00,664.45799999999997,828.67100000000005,128.96100000000001,42.033000000000001
2026-03-11 08:00:00,527.43700000000001,1791.384,252.131,42.554000000000002
2026-03-11 09:00:00,438.02199999999999,2146.3739999999998,500.904,41.398000000000003
2026-03-11 10:00:00,502.267,2286.9400000000001,527.44500000000005,42.185000000000002
2026-03-11 11:00:00,456.36099999999999,2348.489,527.80799999999999,40.856000000000002
2026-03-11 12:00:00,422.38400000000001,2181.0909999999999,473.55900000000003,42.027000000000001
2026-03-11 13:00:00,394.22199999999998,1670.288,427.98200000000003,43.591999999999999
2026-03-11 14:00:00,446.05599999999998,1576.884,430.04899999999998,42.843000000000004
2026-03-11 15:00:00,532.28300000000002,1508.155,382.27600000000001,41.698
2026-03-11 16:00:00,585.65800000000002,1624.4480000000001,396.17899999999997,42.210999999999999
2026-03-11 17:00:00,661.64999999999998,999.94000000000005,452.60700000000003,41.174999999999997
2026-03-11 18:00:00,836.46100000000001,140.01499999999999,398.62,41.375999999999998
2026-03-11 19:00:00,898.48900000000003,3.7999999999999999E-2,388.49700000000001,39.329999999999998
2026-03-11 20:00:00,999.88900000000001,0,390.13400000000001,43.435000000000002
2026-03-11 21:00:00,843.28499999999997,0,346.97199999999998,43.415999999999997
2026-03-11 22:00:00,798.85699999999997,0,46.012999999999998,42.390000000000001
2026-03-11 23:00:00,849.33799999999997,0,38.637,42.417999999999999
2026-03-12 00:00:00,960.16300000000001,0,38.607999999999997,41.520000000000003
2026-03-12 01:00:00,946.34299999999996,0,38.344000000000001,40.298999999999999
2026-03-12 02:00:00,902.64599999999996,0,38.436999999999998,40.186
2026-03-12 03:00:00,787.02499999999998,0,38.174999999999997,40.933999999999997
2026-03-12 04:00:00,727.04499999999996,0,16.181000000000001,41.18
2026-03-12 05:00:00,670.27800000000002,0,0,41.082000000000001
2026-03-12 06:00:00,582.35799999999995,35.911999999999999,0.36299999999999999,42.067999999999998
2026-03-12 07:00:00,601.76599999999996,654.96000000000004,89.619,42.045000000000002
2026-03-12 08:00:00,495.084,1423.9159999999999,219.023,43.222999999999999
2026-03-12 09:00:00,428.21199999999999,1846.674,412.78899999999999,42.798999999999999
2026-03-12 10:00:00,351.69400000000002,1960.462,454.935,42.726999999999997
2026-03-12 11:00:00,286.00799999999998,2042.4880000000001,504.71300000000002,41.859999999999999
2026-03-12 12:00:00,229.15600000000001,2034.039,518.66499999999996,41.033000000000001
2026-03-12 13:00:00,191.30600000000001,1937.4570000000001,446.77600000000001,40.500999999999998
2026-03-12 14:00:00,237.16300000000001,1757.0129999999999,459.91500000000002,40.526000000000003
2026-03-12 15:00:00,317.392,1590.48,518.65700000000004,41.378999999999998
2026-03-12 16:00:00,361.37700000000001,1278.046,528.54200000000003,41.011000000000003
2026-03-12 17:00:00,383.15899999999999,828.25,514.71900000000005,41.862000000000002
2026-03-12 18:00:00,461.74700000000001,121.268,472.423,42.343000000000004
2026-03-12 19:00:00,724.37,2.5000000000000001E-2,461.58499999999998,43.024000000000001
2026-03-12 20:00:00,1081.335,0,459.97300000000001,41.947000000000003
2026-03-12 21:00:00,997.01199999999994,0,409.721,42.462000000000003
2026-03-12 22:00:00,893.41800000000001,0,61.307000000000002,42.499000000000002
2026-03-12 23:00:00,879.78399999999999,0,38.030999999999999,42.506
2026-03-13 00:00:00,875.92999999999995,0,38.206000000000003,41.057000000000002
2026-03-13 01:00:00,829.64499999999998,0,38.381999999999998,40.973999999999997
2026-03-13 02:00:00,741.84699999999998,0,38.353999999999999,40.722000000000001
2026-03-13 03:00:00,689.49000000000001,0,38.180999999999997,40.761000000000003
2026-03-13 04:00:00,683.97400000000005,0,22.306000000000001,40.197000000000003
2026-03-13 05:00:00,679.36000000000001,0,0,40.774999999999999
2026-03-13 06:00:00,653.66600000000005,25.484999999999999,0,41.662999999999997
2026-03-13 07:00:00,576.07500000000005,523.95799999999997,33.335999999999999,41.677
2026-03-13 08:00:00,394.589,1095.7570000000001,167.64099999999999,41.482999999999997
2026-03-13 09:00:00,215.886,1528.348,315.947,39.880000000000003
2026-03-13 10:00:00,145.90899999999999,1674.3720000000001,356.358,40.478000000000002
2026-03-13 11:00:00,96.558000000000007,1843.029,352.51600000000002,41.564999999999998
2026-03-13 12:00:00,221.548,1808.6679999999999,338.76100000000002,41.363999999999997
2026-03-13 13:00:00,390.86900000000003,1720.0440000000001,340.178,41.094000000000001
2026-03-13 14:00:00,488.654,1496.03,302.58699999999999,40.789999999999999
2026-03-13 15:00:00,528.94600000000003,1071.4880000000001,164.26499999999999,40.737000000000002
2026-03-13 16:00:00,611.95799999999997,755.23199999999997,149.858,41.122999999999998
2026-03-13 17:00:00,751.23900000000003,466.14499999999998,369.82400000000001,41.551000000000002
2026-03-13 18:00:00,1155.279,62.164000000000001,428.733,42
2026-03-13 19:00:00,1460.1869999999999,7.0000000000000007E-2,357.33999999999997,40.878999999999998
2026-03-13 20:00:00,1191.721,0,248.29599999999999,39.856999999999999
2026-03-13 21:00:00,1069.6880000000001,6.0000000000000001E-3,120.996,40.57
2026-03-13 22:00:00,1106.7660000000001,7.0000000000000001E-3,1.0900000000000001,41.213999999999999
2026-03-13 23:00:00,1146.72,1.0999999999999999E-2,0,40.862000000000002
2026-03-14 00:00:00,1071.616,0.012,0,40.621000000000002
2026-03-14 01:00:00,920.02700000000004,0.001,0,40.121000000000002
2026-03-14 02:00:00,880.06500000000005,0,0,39.975000000000001
2026-03-14 03:00:00,862.36300000000006,0,0,41.621000000000002
2026-03-14 04:00:00,694.14400000000001,0,0,40.837000000000003
2026-03-14 05:00:00,629.86000000000001,0,0,41.762
2026-03-14 06:00:00,546.55100000000004,22.539000000000001,0,41.597999999999999
2026-03-14 07:00:00,554.25099999999998,446.48599999999999,4.0000000000000001E-3,42.151000000000003
2026-03-14 08:00:00,557.67200000000003,1257.789,29.803000000000001,41.159999999999997
2026-03-14 09:00:00,604.35500000000002,1714.153,81.591999999999999,41.737000000000002
2026-03-14 10:00:00,711.57799999999997,1909.769,191.62,42.496000000000002
2026-03-14 11:00:00,700.98900000000003,2038.1769999999999,252.41800000000001,42.182000000000002
2026-03-14 12:00:00,715.505,2014.5830000000001,300.99099999999999,41.546999999999997
2026-03-14 13:00:00,788.90599999999995,2044.979,303.30599999999998,39.716000000000001
2026-03-14 14:00:00,1004.579,1818.047,289.10500000000002,38.966999999999999
2026-03-14 15:00:00,1320.0419999999999,1438.607,252.16,37.814
2026-03-14 16:00:00,1498.4059999999999,1147.6099999999999,237.72300000000001,38.183999999999997
2026-03-14 17:00:00,1696.96,576.24400000000003,305.86700000000002,39.338999999999999
2026-03-14 18:00:00,1721.444,87.323999999999998,326.97000000000003,38.582999999999998
2026-03-14 19:00:00,1601.345,2.5000000000000001E-2,261.03500000000003,39.012999999999998
2026-03-14 20:00:00,1374.5599999999999,0,291.80599999999998,40.076999999999998
2026-03-14 21:00:00,1145.1780000000001,0,138.91300000000001,39.877000000000002
2026-03-14 22:00:00,1254.8510000000001,0,0,38.256
2026-03-14 23:00:00,1172.1579999999999,0,0,37.683
2026-03-15 00:00:00,1098.1179999999999,0,0,37.554000000000002
2026-03-15 01:00:00,1090.8050000000001,0,0,36.651000000000003
2026-03-15 02:00:00,1093.8240000000001,0,0,32.648000000000003
2026-03-15 03:00:00,968.61599999999999,0,0,32.798999999999999
2026-03-15 04:00:00,837.31600000000003,0,0,37.908999999999999
2026-03-15 05:00:00,844.75099999999998,0,0,41.122999999999998
2026-03-15 06:00:00,806.94899999999996,26.805,0,40.988
2026-03-15 07:00:00,697.13499999999999,565.62800000000004,6.3360000000000003,43.042000000000002
2026-03-15 08:00:00,515.41399999999999,1412.2429999999999,107.842,42.579999999999998
2026-03-15 09:00:00,413.98099999999999,1743.3309999999999,250.54599999999999,42.933
2026-03-15 10:00:00,333.988,1996.1389999999999,319.58199999999999,43.207999999999998
2026-03-15 11:00:00,333.971,2044.5409999999999,332.68799999999999,42.125
2026-03-15 12:00:00,375.791,2001.758,352.63,39.478000000000002
2026-03-15 13:00:00,528.96100000000001,1948.521,356.66500000000002,41.052999999999997
2026-03-15 14:00:00,677.76800000000003,1776.6769999999999,355.86900000000003,41.220999999999997
2026-03-15 15:00:00,784.41099999999994,1571.422,361.12099999999998,41.156999999999996
2026-03-15 16:00:00,826.23800000000006,1234.095,344.33699999999999,41.716000000000001
2026-03-15 17:00:00,828.09100000000001,742.16899999999998,331.49099999999999,41.594999999999999
2026-03-15 18:00:00,968.53599999999994,99.655000000000001,275.41800000000001,40.722000000000001
2026-03-15 19:00:00,1242.5999999999999,0,268.09300000000002,42.542999999999999
2026-03-15 20:00:00,1289.827,0,270.84500000000003,42.402999999999999
2026-03-15 21:00:00,1113.3109999999999,0,254.70699999999999,42.256999999999998
2026-03-15 22:00:00,917.72199999999998,0,83.206999999999994,41.747
2026-03-15 23:00:00,988.29100000000005,0,40.597000000000001,41.804000000000002
2026-03-16 00:00:00,945.42200000000003,0,38.987000000000002,41.664999999999999
2026-03-16 01:00:00,826.548,0,38.582999999999998,40.439999999999998
2026-03-16 02:00:00,688.79999999999995,0,38.106999999999999,40.594999999999999
2026-03-16 03:00:00,644.51999999999998,0,23.541,40.506999999999998
2026-03-16 04:00:00,626.93200000000002,0,0,40.409999999999997
2026-03-16 05:00:00,740.59000000000003,0,42.700000000000003,41.619
2026-03-16 06:00:00,833.803,48.372999999999998,55.799999999999997,42.713999999999999
2026-03-16 07:00:00,701.86800000000005,559.91200000000003,106.908,43.247999999999998
2026-03-16 08:00:00,475.45100000000002,1294.4269999999999,232.79400000000001,43.795999999999999
2026-03-16 09:00:00,409.79700000000003,1706.771,368.733,42.667999999999999
2026-03-16 10:00:00,387.47899999999998,1829.0029999999999,328.19999999999999,42.530999999999999
2026-03-16 11:00:00,322.613,1882.066,312.62,42.956000000000003
2026-03-16 12:00:00,301.60700000000003,1930.0550000000001,268.84500000000003,42.399000000000001
2026-03-16 13:00:00,321.233,1798.364,260.68400000000003,42.012
2026-03-16 14:00:00,385.387,1650.971,263.07100000000003,40.673000000000002
2026-03-16 15:00:00,965.67999999999995,1404.9649999999999,271.93700000000001,41.276000000000003
2026-03-16 16:00:00,1392.8409999999999,1121.71,314.649,41.838999999999999
2026-03-16 17:00:00,1167.8,585.06799999999998,353.21300000000002,42.143000000000001
2026-03-16 18:00:00,1223.5360000000001,44.859000000000002,305.149,42.103000000000002
2026-03-16 19:00:00,1498.692,0,314.46199999999999,43.616999999999997
2026-03-16 20:00:00,1384.681,0,365.03500000000003,41.552999999999997
2026-03-16 21:00:00,1130.9860000000001,0,325.57499999999999,40.969999999999999
2026-03-16 22:00:00,937.03700000000003,0,60.914000000000001,40.186
2026-03-16 23:00:00,846.58699999999999,0,33.970999999999997,40.703000000000003
2026-03-17 00:00:00,0,0,0,0
2026-03-17 01:00:00,0,0,0,0
2026-03-17 02:00:00,0,0,0,0
2026-03-17 03:00:00,0,0,0,0
2026-03-17 04:00:00,0,0,0,0
2026-03-17 05:00:00,0,0,0,0
2026-03-17 06:00:00,0,0,0,0
2026-03-17 07:00:00,0,0,0,0
2026-03-17 08:00:00,0,0,0,0
2026-03-17 09:00:00,0,0,0,0
2026-03-17 10:00:00,0,0,0,0
2026-03-17 11:00:00,0,0,0,0
2026-03-17 12:00:00,0,0,0,0
2026-03-17 13:00:00,0,0,0,0
2026-03-17 14:00:00,0,0,0,0
2026-03-17 15:00:00,0,0,0,0
2026-03-17 16:00:00,0,0,0,0
2026-03-17 17:00:00,0,0,0,0
2026-03-17 18:00:00,0,0,0,0
2026-03-17 19:00:00,0,0,0,0
2026-03-17 20:00:00,0,0,0,0
2026-03-17 21:00:00,0,0,0,0
2026-03-17 22:00:00,0,0,0,0
2026-03-17 23:00:00,0,0,0,0
2026-03-18 00:00:00,0,0,0,0
2026-03-18 01:00:00,0,0,0,0
2026-03-18 02:00:00,0,0,0,0
2026-03-18 03:00:00,0,0,0,0
2026-03-18 04:00:00,0,0,0,0
2026-03-18 05:00:00,0,0,0,0
2026-03-18 06:00:00,0,0,0,0
2026-03-18 07:00:00,0,0,0,0
2026-03-18 08:00:00,0,0,0,0
2026-03-18 09:00:00,0,0,0,0
2026-03-18 10:00:00,0,0,0,0
2026-03-18 11:00:00,0,0,0,0
2026-03-18 12:00:00,0,0,0,0
2026-03-18 13:00:00,0,0,0,0
2026-03-18 14:00:00,0,0,0,0
2026-03-18 15:00:00,0,0,0,0
2026-03-18 16:00:00,0,0,0,0
2026-03-18 17:00:00,0,0,0,0
2026-03-18 18:00:00,0,0,0,0
2026-03-18 19:00:00,0,0,0,0
2026-03-18 20:00:00,0,0,0,0
2026-03-18 21:00:00,0,0,0,0
2026-03-18 22:00:00,0,0,0,0
2026-03-18 23:00:00,0,0,0,0
2026-03-19 00:00:00,0,0,0,0
2026-03-19 01:00:00,0,0,0,0
2026-03-19 02:00:00,0,0,0,0
2026-03-19 03:00:00,0,0,0,0
2026-03-19 04:00:00,0,0,0,0
2026-03-19 05:00:00,0,0,0,0
2026-03-19 06:00:00,0,0,0,0
2026-03-19 07:00:00,0,0,0,0
2026-03-19 08:00:00,0,0,0,0
2026-03-19 09:00:00,0,0,0,0
2026-03-19 10:00:00,0,0,0,0
2026-03-19 11:00:00,0,0,0,0
2026-03-19 12:00:00,0,0,0,0
2026-03-19 13:00:00,0,0,0,0
2026-03-19 14:00:00,0,0,0,0
2026-03-19 15:00:00,0,0,0,0
2026-03-19 16:00:00,0,0,0,0
2026-03-19 17:00:00,0,0,0,0
2026-03-19 18:00:00,0,0,0,0
2026-03-19 19:00:00,0,0,0,0
2026-03-19 20:00:00,0,0,0,0
2026-03-19 21:00:00,0,0,0,0
2026-03-19 22:00:00,0,0,0,0
2026-03-19 23:00:00,0,0,0,0
2026-03-20 00:00:00,0,0,0,0
2026-03-20 01:00:00,0,0,0,0
2026-03-20 02:00:00,0,0,0,0
2026-03-20 03:00:00,0,0,0,0
2026-03-20 04:00:00,0,0,0,0
2026-03-20 05:00:00,0,0,0,0
2026-03-20 06:00:00,0,0,0,0
2026-03-20 07:00:00,0,0,0,0
2026-03-20 08:00:00,0,0,0,0
2026-03-20 09:00:00,0,0,0,0
2026-03-20 10:00:00,0,0,0,0
2026-03-20 11:00:00,0,0,0,0
2026-03-20 12:00:00,0,0,0,0
2026-03-20 13:00:00,0,0,0,0
2026-03-20 14:00:00,0,0,0,0
2026-03-20 15:00:00,0,0,0,0
2026-03-20 16:00:00,0,0,0,0
2026-03-20 17:00:00,0,0,0,0
2026-03-20 18:00:00,0,0,0,0
2026-03-20 19:00:00,0,0,0,0
2026-03-20 20:00:00,0,0,0,0
2026-03-20 21:00:00,0,0,0,0
2026-03-20 22:00:00,0,0,0,0
2026-03-20 23:00:00,0,0,0,0
2026-03-21 00:00:00,0,0,0,0
2026-03-21 01:00:00,0,0,0,0
2026-03-21 02:00:00,0,0,0,0
2026-03-21 03:00:00,0,0,0,0
2026-03-21 04:00:00,0,0,0,0
2026-03-21 05:00:00,0,0,0,0
2026-03-21 06:00:00,0,0,0,0
2026-03-21 07:00:00,0,0,0,0
2026-03-21 08:00:00,0,0,0,0
2026-03-21 09:00:00,0,0,0,0
2026-03-21 10:00:00,0,0,0,0
2026-03-21 11:00:00,0,0,0,0
2026-03-21 12:00:00,0,0,0,0
2026-03-21 13:00:00,0,0,0,0
2026-03-21 14:00:00,0,0,0,0
2026-03-21 15:00:00,0,0,0,0
2026-03-21 16:00:00,0,0,0,0
2026-03-21 17:00:00,0,0,0,0
2026-03-21 18:00:00,0,0,0,0
2026-03-21 19:00:00,0,0,0,0
2026-03-21 20:00:00,0,0,0,0
2026-03-21 21:00:00,0,0,0,0
2026-03-21 22:00:00,0,0,0,0
2026-03-21 23:00:00,0,0,0,0
2026-03-22 00:00:00,0,0,0,0
2026-03-22 01:00:00,0,0,0,0
2026-03-22 02:00:00,0,0,0,0
2026-03-22 03:00:00,0,0,0,0
2026-03-22 04:00:00,0,0,0,0
2026-03-22 05:00:00,0,0,0,0
2026-03-22 06:00:00,0,0,0,0
2026-03-22 07:00:00,0,0,0,0
2026-03-22 08:00:00,0,0,0,0
2026-03-22 09:00:00,0,0,0,0
2026-03-22 10:00:00,0,0,0,0
2026-03-22 11:00:00,0,0,0,0
2026-03-22 12:00:00,0,0,0,0
2026-03-22 13:00:00,0,0,0,0
2026-03-22 14:00:00,0,0,0,0
2026-03-22 15:00:00,0,0,0,0
2026-03-22 16:00:00,0,0,0,0
2026-03-22 17:00:00,0,0,0,0
2026-03-22 18:00:00,0,0,0,0
2026-03-22 19:00:00,0,0,0,0
2026-03-22 20:00:00,0,0,0,0
2026-03-22 21:00:00,0,0,0,0
2026-03-22 22:00:00,0,0,0,0
2026-03-22 23:00:00,0,0,0,0
2026-03-23 00:00:00,0,0,0,0
2026-03-23 01:00:00,0,0,0,0
2026-03-23 02:00:00,0,0,0,0
2026-03-23 03:00:00,0,0,0,0
2026-03-23 04:00:00,0,0,0,0
2026-03-23 05:00:00,0,0,0,0
2026-03-23 06:00:00,0,0,0,0
2026-03-23 07:00:00,0,0,0,0
2026-03-23 08:00:00,0,0,0,0
2026-03-23 09:00:00,0,0,0,0
2026-03-23 10:00:00,0,0,0,0
2026-03-23 11:00:00,0,0,0,0
2026-03-23 12:00:00,0,0,0,0
2026-03-23 13:00:00,0,0,0,0
2026-03-23 14:00:00,0,0,0,0
2026-03-23 15:00:00,0,0,0,0
2026-03-23 16:00:00,0,0,0,0
2026-03-23 17:00:00,0,0,0,0
2026-03-23 18:00:00,0,0,0,0
2026-03-23 19:00:00,0,0,0,0
2026-03-23 20:00:00,0,0,0,0
2026-03-23 21:00:00,0,0,0,0
2026-03-23 22:00:00,0,0,0,0
2026-03-23 23:00:00,0,0,0,0
2026-03-24 00:00:00,0,0,0,0
2026-03-24 01:00:00,0,0,0,0
2026-03-24 02:00:00,0,0,0,0
2026-03-24 03:00:00,0,0,0,0
2026-03-24 04:00:00,0,0,0,0
2026-03-24 05:00:00,0,0,0,0
2026-03-24 06:00:00,0,0,0,0
2026-03-24 07:00:00,0,0,0,0
2026-03-24 08:00:00,0,0,0,0
2026-03-24 09:00:00,0,0,0,0
2026-03-24 10:00:00,0,0,0,0
2026-03-24 11:00:00,0,0,0,0
2026-03-24 12:00:00,0,0,0,0
2026-03-24 13:00:00,0,0,0,0
2026-03-24 14:00:00,0,0,0,0
2026-03-24 15:00:00,0,0,0,0
2026-03-24 16:00:00,0,0,0,0
2026-03-24 17:00:00,0,0,0,0
2026-03-24 18:00:00,0,0,0,0
2026-03-24 19:00:00,0,0,0,0
2026-03-24 20:00:00,0,0,0,0
2026-03-24 21:00:00,0,0,0,0
2026-03-24 22:00:00,0,0,0,0
2026-03-24 23:00:00,0,0,0,0
2026-03-25 00:00:00,0,0,0,0
2026-03-25 01:00:00,0,0,0,0
2026-03-25 02:00:00,0,0,0,0
2026-03-25 03:00:00,0,0,0,0
2026-03-25 04:00:00,0,0,0,0
2026-03-25 05:00:00,0,0,0,0
2026-03-25 06:00:00,0,0,0,0
2026-03-25 07:00:00,0,0,0,0
2026-03-25 08:00:00,0,0,0,0
2026-03-25 09:00:00,0,0,0,0
2026-03-25 10:00:00,0,0,0,0
2026-03-25 11:00:00,0,0,0,0
2026-03-25 12:00:00,0,0,0,0
2026-03-25 13:00:00,0,0,0,0
2026-03-25 14:00:00,0,0,0,0
2026-03-25 15:00:00,0,0,0,0
2026-03-25 16:00:00,0,0,0,0
2026-03-25 17:00:00,0,0,0,0
2026-03-25 18:00:00,0,0,0,0
2026-03-25 19:00:00,0,0,0,0
2026-03-25 20:00:00,0,0,0,0
2026-03-25 21:00:00,0,0,0,0
2026-03-25 22:00:00,0,0,0,0
2026-03-25 23:00:00,0,0,0,0
2026-03-26 00:00:00,0,0,0,0
2026-03-26 01:00:00,0,0,0,0
2026-03-26 02:00:00,0,0,0,0
2026-03-26 03:00:00,0,0,0,0
2026-03-26 04:00:00,0,0,0,0
2026-03-26 05:00:00,0,0,0,0
2026-03-26 06:00:00,0,0,0,0
2026-03-26 07:00:00,0,0,0,0
2026-03-26 08:00:00,0,0,0,0
2026-03-26 09:00:00,0,0,0,0
2026-03-26 10:00:00,0,0,0,0
2026-03-26 11:00:00,0,0,0,0
2026-03-26 12:00:00,0,0,0,0
2026-03-26 13:00:00,0,0,0,0
2026-03-26 14:00:00,0,0,0,0
2026-03-26 15:00:00,0,0,0,0
2026-03-26 16:00:00,0,0,0,0
2026-03-26 17:00:00,0,0,0,0
2026-03-26 18:00:00,0,0,0,0
2026-03-26 19:00:00,0,0,0,0
2026-03-26 20:00:00,0,0,0,0
2026-03-26 21:00:00,0,0,0,0
2026-03-26 22:00:00,0,0,0,0
2026-03-26 23:00:00,0,0,0,0
2026-03-27 00:00:00,0,0,0,0
2026-03-27 01:00:00,0,0,0,0
2026-03-27 02:00:00,0,0,0,0
2026-03-27 03:00:00,0,0,0,0
2026-03-27 04:00:00,0,0,0,0
2026-03-27 05:00:00,0,0,0,0
2026-03-27 06:00:00,0,0,0,0
2026-03-27 07:00:00,0,0,0,0
2026-03-27 08:00:00,0,0,0,0
2026-03-27 09:00:00,0,0,0,0
2026-03-27 10:00:00,0,0,0,0
2026-03-27 11:00:00,0,0,0,0
2026-03-27 12:00:00,0,0,0,0
2026-03-27 13:00:00,0,0,0,0
2026-03-27 14:00:00,0,0,0,0
2026-03-27 15:00:00,0,0,0,0
2026-03-27 16:00:00,0,0,0,0
2026-03-27 17:00:00,0,0,0,0
2026-03-27 18:00:00,0,0,0,0
2026-03-27 19:00:00,0,0,0,0
2026-03-27 20:00:00,0,0,0,0
2026-03-27 21:00:00,0,0,0,0
2026-03-27 22:00:00,0,0,0,0
2026-03-27 23:00:00,0,0,0,0
2026-03-28 00:00:00,0,0,0,0
2026-03-28 01:00:00,0,0,0,0
2026-03-28 02:00:00,0,0,0,0
2026-03-28 03:00:00,0,0,0,0
2026-03-28 04:00:00,0,0,0,0
2026-03-28 05:00:00,0,0,0,0
2026-03-28 06:00:00,0,0,0,0
2026-03-28 07:00:00,0,0,0,0
2026-03-28 08:00:00,0,0,0,0
2026-03-28 09:00:00,0,0,0,0
2026-03-28 10:00:00,0,0,0,0
2026-03-28 11:00:00,0,0,0,0
2026-03-28 12:00:00,0,0,0,0
2026-03-28 13:00:00,0,0,0,0
2026-03-28 14:00:00,0,0,0,0
2026-03-28 15:00:00,0,0,0,0
2026-03-28 16:00:00,0,0,0,0
2026-03-28 17:00:00,0,0,0,0
2026-03-28 18:00:00,0,0,0,0
2026-03-28 19:00:00,0,0,0,0
2026-03-28 20:00:00,0,0,0,0
2026-03-28 21:00:00,0,0,0,0
2026-03-28 22:00:00,0,0,0,0
2026-03-28 23:00:00,0,0,0,0
2026-03-29 00:00:00,0,0,0,0
2026-03-29 01:00:00,0,0,0,0
2026-03-29 02:00:00,0,0,0,0
2026-03-29 03:00:00,0,0,0,0
2026-03-29 04:00:00,0,0,0,0
2026-03-29 05:00:00,0,0,0,0
2026-03-29 06:00:00,0,0,0,0
2026-03-29 07:00:00,0,0,0,0
2026-03-29 08:00:00,0,0,0,0
2026-03-29 09:00:00,0,0,0,0
2026-03-29 10:00:00,0,0,0,0
2026-03-29 11:00:00,0,0,0,0
2026-03-29 12:00:00,0,0,0,0
2026-03-29 13:00:00,0,0,0,0
2026-03-29 14:00:00,0,0,0,0
2026-03-29 15:00:00,0,0,0,0
2026-03-29 16:00:00,0,0,0,0
2026-03-29 17:00:00,0,0,0,0
2026-03-29 18:00:00,0,0,0,0
2026-03-29 19:00:00,0,0,0,0
2026-03-29 20:00:00,0,0,0,0
2026-03-29 21:00:00,0,0,0,0
2026-03-29 22:00:00,0,0,0,0
2026-03-29 23:00:00,0,0,0,0
2026-03-30 00:00:00,0,0,0,0
2026-03-30 01:00:00,0,0,0,0
2026-03-30 02:00:00,0,0,0,0
2026-03-30 03:00:00,0,0,0,0
2026-03-30 04:00:00,0,0,0,0
2026-03-30 05:00:00,0,0,0,0
2026-03-30 06:00:00,0,0,0,0
2026-03-30 07:00:00,0,0,0,0
2026-03-30 08:00:00,0,0,0,0
2026-03-30 09:00:00,0,0,0,0
2026-03-30 10:00:00,0,0,0,0
2026-03-30 11:00:00,0,0,0,0
2026-03-30 12:00:00,0,0,0,0
2026-03-30 13:00:00,0,0,0,0
2026-03-30 14:00:00,0,0,0,0
2026-03-30 15:00:00,0,0,0,0
2026-03-30 16:00:00,0,0,0,0
2026-03-30 17:00:00,0,0,0,0
2026-03-30 18:00:00,0,0,0,0
2026-03-30 19:00:00,0,0,0,0
2026-03-30 20:00:00,0,0,0,0
2026-03-30 21:00:00,0,0,0,0
2026-03-30 22:00:00,0,0,0,0
2026-03-30 23:00:00,0,0,0,0
2026-03-31 00:00:00,0,0,0,0
2026-03-31 01:00:00,0,0,0,0
2026-03-31 02:00:00,0,0,0,0
2026-03-31 03:00:00,0,0,0,0
2026-03-31 04:00:00,0,0,0,0
2026-03-31 05:00:00,0,0,0,0
2026-03-31 06:00:00,0,0,0,0
2026-03-31 07:00:00,0,0,0,0
2026-03-31 08:00:00,0,0,0,0
2026-03-31 09:00:00,0,0,0,0
2026-03-31 10:00:00,0,0,0,0
2026-03-31 11:00:00,0,0,0,0
2026-03-31 12:00:00,0,0,0,0
2026-03-31 13:00:00,0,0,0,0
2026-03-31 14:00:00,0,0,0,0
2026-03-31 15:00:00,0,0,0,0
2026-03-31 16:00:00,0,0,0,0
2026-03-31 17:00:00,0,0,0,0
2026-03-31 18:00:00,0,0,0,0
2026-03-31 19:00:00,0,0,0,0
2026-03-31 20:00:00,0,0,0,0
2026-03-31 21:00:00,0,0,0,0
2026-03-31 22:00:00,0,0,0,0
2026-03-31 23:00:00,0,0,0,0
